[{"model": "suve_main.routes", "pk": 1, "fields": {"url_name": "main", "name": "Main"}}, {"model": "suve_main.routes", "pk": 2, "fields": {"url_name": "products_page", "name": "Products"}}, {"model": "suve_main.routes", "pk": 3, "fields": {"url_name": "contacts", "name": "Contacts"}}, {"model": "suve_main.routes", "pk": 4, "fields": {"url_name": "cart", "name": "Cart"}}, {"model": "suve_main.routes", "pk": 5, "fields": {"url_name": "products_apple_mac", "name": "Mac"}}, {"model": "suve_main.routes", "pk": 6, "fields": {"url_name": "products_apple_macbook", "name": "Macbook"}}, {"model": "suve_main.routes", "pk": 7, "fields": {"url_name": "products_apple_ipad", "name": "Ipad"}}, {"model": "suve_main.routes", "pk": 8, "fields": {"url_name": "products_samsung_smartphones", "name": "Smartphones"}}, {"model": "suve_main.routes", "pk": 9, "fields": {"url_name": "products_samsung_tab", "name": "Tablets"}}, {"model": "suve_main.routes", "pk": 12, "fields": {"url_name": "products_samsung_watch", "name": "Watches"}}, {"model": "suve_main.routes", "pk": 13, "fields": {"url_name": "products_samsung_galaxybuds", "name": "Galaxy Buds"}}, {"model": "suve_main.routes", "pk": 14, "fields": {"url_name": "products_apple_iphone", "name": "Iphone"}}, {"model": "suve_main.routes", "pk": 16, "fields": {"url_name": "products_apple_watch", "name": "Apple watch"}}, {"model": "suve_main.routes", "pk": 17, "fields": {"url_name": "products_apple_airpods", "name": "Airpods"}}, {"model": "suve_main.routes", "pk": 18, "fields": {"url_name": "products_samsung_galaxybook", "name": "Galaxy books"}}, {"model": "suve_main.product", "pk": 1, "fields": {"name": "Iphone 15 Pro", "brand": "apple", "category": "smartphone"}}, {"model": "suve_main.product", "pk": 2, "fields": {"name": "Iphone 15 Pro Max", "brand": "apple", "category": "smartphone"}}, {"model": "suve_main.product", "pk": 3, "fields": {"name": "Iphone 15", "brand": "apple", "category": "smartphone"}}, {"model": "suve_main.product", "pk": 4, "fields": {"name": "Iphone 15 Plus", "brand": "apple", "category": "smartphone"}}, {"model": "suve_main.product", "pk": 5, "fields": {"name": "Iphone 14", "brand": "apple", "category": "smartphone"}}, {"model": "suve_main.product", "pk": 6, "fields": {"name": "Iphone SE", "brand": "apple", "category": "smartphone"}}, {"model": "suve_main.product", "pk": 7, "fields": {"name": "Galaxy Z Fold6", "brand": "samsung", "category": "smartphone"}}, {"model": "suve_main.product", "pk": 8, "fields": {"name": "Galaxy Z Flip6", "brand": "samsung", "category": "smartphone"}}, {"model": "suve_main.product", "pk": 9, "fields": {"name": "Galaxy S24 Ultra", "brand": "samsung", "category": "smartphone"}}, {"model": "suve_main.product", "pk": 10, "fields": {"name": "Galaxy S24+", "brand": "samsung", "category": "smartphone"}}, {"model": "suve_main.product", "pk": 11, "fields": {"name": "Galaxy S24", "brand": "samsung", "category": "smartphone"}}, {"model": "suve_main.product", "pk": 12, "fields": {"name": "Galaxy S23 FE", "brand": "samsung", "category": "smartphone"}}, {"model": "suve_main.product", "pk": 13, "fields": {"name": "Ipad Pro", "brand": "apple", "category": "tablet"}}, {"model": "suve_main.product", "pk": 14, "fields": {"name": "Ipad Air", "brand": "apple", "category": "tablet"}}, {"model": "suve_main.product", "pk": 15, "fields": {"name": "Ipad", "brand": "apple", "category": "tablet"}}, {"model": "suve_main.product", "pk": 16, "fields": {"name": "Ipad Mini", "brand": "apple", "category": "tablet"}}, {"model": "suve_main.product", "pk": 17, "fields": {"name": "Galaxy Tab S9 Ultra", "brand": "samsung", "category": "tablet"}}, {"model": "suve_main.product", "pk": 18, "fields": {"name": "Galaxy Tab S9+", "brand": "samsung", "category": "tablet"}}, {"model": "suve_main.product", "pk": 19, "fields": {"name": "Galaxy Tab S9", "brand": "samsung", "category": "tablet"}}, {"model": "suve_main.product", "pk": 20, "fields": {"name": "Galaxy Tab S9 FE+", "brand": "samsung", "category": "tablet"}}, {"model": "suve_main.product", "pk": 21, "fields": {"name": "Galaxy Tab S9 FE", "brand": "samsung", "category": "tablet"}}, {"model": "suve_main.product", "pk": 22, "fields": {"name": "Macbook Pro", "brand": "apple", "category": "laptop"}}, {"model": "suve_main.product", "pk": 23, "fields": {"name": "Macbook Air", "brand": "apple", "category": "laptop"}}, {"model": "suve_main.product", "pk": 24, "fields": {"name": "Galaxy Book4 Edge", "brand": "samsung", "category": "laptop"}}, {"model": "suve_main.product", "pk": 25, "fields": {"name": "Galaxy Book4 Ultra", "brand": "samsung", "category": "laptop"}}, {"model": "suve_main.product", "pk": 26, "fields": {"name": "Galaxy Book4 Pro 360", "brand": "samsung", "category": "laptop"}}, {"model": "suve_main.product", "pk": 27, "fields": {"name": "Galaxy Book4 Pro", "brand": "samsung", "category": "laptop"}}, {"model": "suve_main.product", "pk": 28, "fields": {"name": "Galaxy Book4 360", "brand": "samsung", "category": "laptop"}}, {"model": "suve_main.product", "pk": 29, "fields": {"name": "Galaxy Book4", "brand": "samsung", "category": "laptop"}}, {"model": "suve_main.product", "pk": 30, "fields": {"name": "iMac", "brand": "apple", "category": "pc"}}, {"model": "suve_main.product", "pk": 31, "fields": {"name": "Mac Pro", "brand": "apple", "category": "pc"}}, {"model": "suve_main.product", "pk": 32, "fields": {"name": "Mac Studio", "brand": "apple", "category": "pc"}}, {"model": "suve_main.product", "pk": 33, "fields": {"name": "Mac Mini", "brand": "apple", "category": "pc"}}, {"model": "suve_main.product", "pk": 34, "fields": {"name": "Vision Pro", "brand": "apple", "category": "vr"}}, {"model": "suve_main.product", "pk": 35, "fields": {"name": "Apple Watch Ultra 2", "brand": "apple", "category": "smartwatch"}}, {"model": "suve_main.product", "pk": 36, "fields": {"name": "Apple Watch Series 9", "brand": "apple", "category": "smartwatch"}}, {"model": "suve_main.product", "pk": 37, "fields": {"name": "Apple Watch SE", "brand": "apple", "category": "smartwatch"}}, {"model": "suve_main.product", "pk": 38, "fields": {"name": "Galaxy Watch Ultra", "brand": "samsung", "category": "smartwatch"}}, {"model": "suve_main.product", "pk": 39, "fields": {"name": "Galaxy Watch7", "brand": "samsung", "category": "smartwatch"}}, {"model": "suve_main.product", "pk": 40, "fields": {"name": "Galaxy Watch FE", "brand": "samsung", "category": "smartwatch"}}, {"model": "suve_main.product", "pk": 41, "fields": {"name": "Airpods Pro 2nd Gen", "brand": "apple", "category": "headphones"}}, {"model": "suve_main.product", "pk": 42, "fields": {"name": "Airpods 3rd Gen", "brand": "apple", "category": "headphones"}}, {"model": "suve_main.product", "pk": 43, "fields": {"name": "Airpods Max", "brand": "apple", "category": "headphones"}}, {"model": "suve_main.product", "pk": 44, "fields": {"name": "Galaxy Buds3 Pro", "brand": "samsung", "category": "headphones"}}, {"model": "suve_main.product", "pk": 45, "fields": {"name": "Galaxy Buds3", "brand": "samsung", "category": "headphones"}}, {"model": "suve_main.product", "pk": 46, "fields": {"name": "Galaxy Buds FE", "brand": "samsung", "category": "headphones"}}, {"model": "suve_main.product", "pk": 47, "fields": {"name": "Cybertruck", "brand": "tesla", "category": "car"}}, {"model": "suve_main.product", "pk": 48, "fields": {"name": "Model S", "brand": "tesla", "category": "car"}}, {"model": "suve_main.product", "pk": 49, "fields": {"name": "Model X", "brand": "tesla", "category": "car"}}, {"model": "suve_main.product", "pk": 50, "fields": {"name": "Model 3", "brand": "tesla", "category": "car"}}, {"model": "suve_main.product", "pk": 51, "fields": {"name": "Model Y", "brand": "tesla", "category": "car"}}, {"model": "suve_main.productphoto", "pk": 2, "fields": {"photo": "photos/iphone-15-pro_KoJSXyw.webp", "product": 1}}, {"model": "suve_main.productphoto", "pk": 3, "fields": {"photo": "photos/iphone-15-pro-max.webp", "product": 2}}, {"model": "suve_main.productphoto", "pk": 4, "fields": {"photo": "photos/iphone-15.webp", "product": 3}}, {"model": "suve_main.productphoto", "pk": 5, "fields": {"photo": "photos/iphone-15-plus.webp", "product": 4}}, {"model": "suve_main.productphoto", "pk": 6, "fields": {"photo": "photos/iphone-14.webp", "product": 5}}, {"model": "suve_main.productphoto", "pk": 7, "fields": {"photo": "photos/iphone-se.webp", "product": 6}}, {"model": "suve_main.productphoto", "pk": 8, "fields": {"photo": "photos/galaxy-z-fold6.webp", "product": 7}}, {"model": "suve_main.productphoto", "pk": 9, "fields": {"photo": "photos/galaxy-z-flip6.webp", "product": 8}}, {"model": "suve_main.productphoto", "pk": 10, "fields": {"photo": "photos/galaxy-s24-ultra.webp", "product": 9}}, {"model": "suve_main.productphoto", "pk": 11, "fields": {"photo": "photos/glalaxy-s24-plus.webp", "product": 10}}, {"model": "suve_main.productphoto", "pk": 12, "fields": {"photo": "photos/galaxy-s24.webp", "product": 11}}, {"model": "suve_main.productphoto", "pk": 13, "fields": {"photo": "photos/galaxy-s23-fe.webp", "product": 12}}, {"model": "suve_main.productphoto", "pk": 14, "fields": {"photo": "photos/ipad-pro.jpeg", "product": 13}}, {"model": "suve_main.productphoto", "pk": 15, "fields": {"photo": "photos/ipad-air.webp", "product": 14}}, {"model": "suve_main.productphoto", "pk": 16, "fields": {"photo": "photos/ipad-10.webp", "product": 15}}, {"model": "suve_main.productphoto", "pk": 17, "fields": {"photo": "photos/ipad-mini.webp", "product": 16}}, {"model": "suve_main.productphoto", "pk": 18, "fields": {"photo": "photos/galaxy-tab-s9-ultra.webp", "product": 17}}, {"model": "suve_main.productphoto", "pk": 19, "fields": {"photo": "photos/galaxy-tab-s9-plus.webp", "product": 18}}, {"model": "suve_main.productphoto", "pk": 20, "fields": {"photo": "photos/galaxy-tab-s9.webp", "product": 19}}, {"model": "suve_main.productphoto", "pk": 21, "fields": {"photo": "photos/galaxy-tab-s9-fe-plus.webp", "product": 20}}, {"model": "suve_main.productphoto", "pk": 22, "fields": {"photo": "photos/galaxy-tab-s9-fe.webp", "product": 21}}, {"model": "suve_main.productphoto", "pk": 23, "fields": {"photo": "photos/macbook-pro-16.jpeg", "product": 22}}, {"model": "suve_main.productphoto", "pk": 24, "fields": {"photo": "photos/macbook-air-15.jpeg", "product": 23}}, {"model": "suve_main.productphoto", "pk": 25, "fields": {"photo": "photos/galaxy-book4-edge.webp", "product": 24}}, {"model": "suve_main.productphoto", "pk": 26, "fields": {"photo": "photos/galaxy-book4-ultra.webp", "product": 25}}, {"model": "suve_main.productphoto", "pk": 27, "fields": {"photo": "photos/galaxy-book4-pro-360.webp", "product": 26}}, {"model": "suve_main.productphoto", "pk": 28, "fields": {"photo": "photos/galaxy-book4-pro.webp", "product": 27}}, {"model": "suve_main.productphoto", "pk": 29, "fields": {"photo": "photos/galaxy-book4-360.webp", "product": 28}}, {"model": "suve_main.productphoto", "pk": 30, "fields": {"photo": "photos/galaxy-book4.webp", "product": 29}}, {"model": "suve_main.productphoto", "pk": 31, "fields": {"photo": "photos/imac.jpeg", "product": 30}}, {"model": "suve_main.productphoto", "pk": 32, "fields": {"photo": "photos/mac-pro.jpeg", "product": 31}}, {"model": "suve_main.productphoto", "pk": 33, "fields": {"photo": "photos/mac-studio.jpeg", "product": 32}}, {"model": "suve_main.productphoto", "pk": 34, "fields": {"photo": "photos/mac-mini.jpeg", "product": 33}}, {"model": "suve_main.productphoto", "pk": 35, "fields": {"photo": "photos/vision-pro.jpg", "product": 34}}, {"model": "suve_main.productphoto", "pk": 36, "fields": {"photo": "photos/apple-watch-ultra.jpeg", "product": 35}}, {"model": "suve_main.productphoto", "pk": 37, "fields": {"photo": "photos/apple-watch-series-9.jpeg", "product": 36}}, {"model": "suve_main.productphoto", "pk": 38, "fields": {"photo": "photos/apple-watch-se.jpeg", "product": 37}}, {"model": "suve_main.productphoto", "pk": 39, "fields": {"photo": "photos/galaxy-watch-ultra.webp", "product": 38}}, {"model": "suve_main.productphoto", "pk": 40, "fields": {"photo": "photos/galaxy-watch7.webp", "product": 39}}, {"model": "suve_main.productphoto", "pk": 41, "fields": {"photo": "photos/galaxy-watch-fe.webp", "product": 40}}, {"model": "suve_main.productphoto", "pk": 42, "fields": {"photo": "photos/airpods-pro.jpeg", "product": 41}}, {"model": "suve_main.productphoto", "pk": 43, "fields": {"photo": "photos/airpods3.jpeg", "product": 42}}, {"model": "suve_main.productphoto", "pk": 44, "fields": {"photo": "photos/airpods-max.png", "product": 43}}, {"model": "suve_main.productphoto", "pk": 45, "fields": {"photo": "photos/galaxy-buds3-pro.webp", "product": 44}}, {"model": "suve_main.productphoto", "pk": 46, "fields": {"photo": "photos/galaxy-buds3.webp", "product": 45}}, {"model": "suve_main.productphoto", "pk": 47, "fields": {"photo": "photos/galaxy-buds-fe.webp", "product": 46}}, {"model": "suve_main.productphoto", "pk": 48, "fields": {"photo": "photos/cybertruck.webp", "product": 47}}, {"model": "suve_main.productphoto", "pk": 49, "fields": {"photo": "photos/model-s.jpeg", "product": 48}}, {"model": "suve_main.productphoto", "pk": 50, "fields": {"photo": "photos/model-x.jpeg", "product": 49}}, {"model": "suve_main.productphoto", "pk": 51, "fields": {"photo": "photos/model-3.jpeg", "product": 50}}, {"model": "suve_main.productphoto", "pk": 52, "fields": {"photo": "photos/model-y.jpeg", "product": 51}}, {"model": "suve_main.storagespecs", "pk": 1, "fields": {"rom": 128, "ram": 8, "cpu": "Apple A17 Pro 6‑core CPU", "gpu": "Apple A17 6-core GPU", "diagonal": "6.1", "product": 1}}, {"model": "suve_main.storagespecs", "pk": 2, "fields": {"rom": 256, "ram": 8, "cpu": "Apple A17 Pro 6‑core CPU", "gpu": "Apple A17 6-core GPU", "diagonal": "6.1", "product": 1}}, {"model": "suve_main.storagespecs", "pk": 3, "fields": {"rom": 512, "ram": 8, "cpu": "Apple A17 Pro 6‑core CPU", "gpu": "Apple A17 6-core GPU", "diagonal": "6.1", "product": 1}}, {"model": "suve_main.storagespecs", "pk": 4, "fields": {"rom": 1024, "ram": 8, "cpu": "Apple A17 Pro 6‑core CPU", "gpu": "Apple A17 6-core GPU", "diagonal": "6.1", "product": 1}}, {"model": "suve_main.storagespecs", "pk": 5, "fields": {"rom": 256, "ram": 8, "cpu": "Apple A17 Pro 6‑core CPU", "gpu": "Apple A17 6-core GPU", "diagonal": "6.7", "product": 2}}, {"model": "suve_main.storagespecs", "pk": 6, "fields": {"rom": 512, "ram": 8, "cpu": "Apple A17 Pro 6‑core CPU", "gpu": "Apple A17 6-core GPU", "diagonal": "6.7", "product": 2}}, {"model": "suve_main.storagespecs", "pk": 7, "fields": {"rom": 1024, "ram": 8, "cpu": "Apple A17 Pro 6‑core CPU", "gpu": "Apple A17 6-core GPU", "diagonal": "6.7", "product": 2}}, {"model": "suve_main.storagespecs", "pk": 8, "fields": {"rom": 128, "ram": 6, "cpu": "Apple A16 Bionic 6‑core CPU", "gpu": "Apple A16 5-core GPU", "diagonal": "6.1", "product": 3}}, {"model": "suve_main.storagespecs", "pk": 9, "fields": {"rom": 256, "ram": 6, "cpu": "Apple A16 Bionic 6‑core CPU", "gpu": "Apple A16 5-core GPU", "diagonal": "6.1", "product": 3}}, {"model": "suve_main.storagespecs", "pk": 10, "fields": {"rom": 512, "ram": 6, "cpu": "Apple A16 Bionic 6‑core CPU", "gpu": "Apple A16 5-core GPU", "diagonal": "6.1", "product": 3}}, {"model": "suve_main.storagespecs", "pk": 11, "fields": {"rom": 128, "ram": 6, "cpu": "Apple A16 Bionic 6‑core CPU", "gpu": "Apple A16 5-core GPU", "diagonal": "6.7", "product": 4}}, {"model": "suve_main.storagespecs", "pk": 12, "fields": {"rom": 256, "ram": 6, "cpu": "Apple A16 Bionic 6‑core CPU", "gpu": "Apple A16 5-core GPU", "diagonal": "6.7", "product": 4}}, {"model": "suve_main.storagespecs", "pk": 13, "fields": {"rom": 512, "ram": 6, "cpu": "Apple A16 Bionic 6‑core CPU", "gpu": "Apple A16 5-core GPU", "diagonal": "6.7", "product": 4}}, {"model": "suve_main.storagespecs", "pk": 14, "fields": {"rom": 128, "ram": 6, "cpu": "Apple A15 Bionic 6‑core CPU", "gpu": "Apple A15 5-core GPU", "diagonal": "6.1", "product": 5}}, {"model": "suve_main.storagespecs", "pk": 15, "fields": {"rom": 256, "ram": 6, "cpu": "Apple A15 Bionic 6‑core CPU", "gpu": "Apple A15 5-core GPU", "diagonal": "6.1", "product": 5}}, {"model": "suve_main.storagespecs", "pk": 16, "fields": {"rom": 512, "ram": 6, "cpu": "Apple A15 Bionic 6‑core CPU", "gpu": "Apple A15 5-core GPU", "diagonal": "6.1", "product": 5}}, {"model": "suve_main.storagespecs", "pk": 17, "fields": {"rom": 64, "ram": 4, "cpu": "Apple A15 Bionic 6‑core CPU", "gpu": "Apple A15 4-core GPU", "diagonal": "4.7", "product": 6}}, {"model": "suve_main.storagespecs", "pk": 18, "fields": {"rom": 128, "ram": 4, "cpu": "Apple A15 Bionic 6‑core CPU", "gpu": "Apple A15 4-core GPU", "diagonal": "4.7", "product": 6}}, {"model": "suve_main.storagespecs", "pk": 19, "fields": {"rom": 256, "ram": 4, "cpu": "Apple A15 Bionic 6‑core CPU", "gpu": "Apple A15 4-core GPU", "diagonal": "4.7", "product": 6}}, {"model": "suve_main.storagespecs", "pk": 20, "fields": {"rom": 256, "ram": 12, "cpu": "Qualcomm Snapdragon 8 Gen 3", "gpu": "Adreno 750", "diagonal": "7.6", "product": 7}}, {"model": "suve_main.storagespecs", "pk": 21, "fields": {"rom": 512, "ram": 12, "cpu": "Qualcomm Snapdragon 8 Gen 3", "gpu": "Adreno 750", "diagonal": "7.6", "product": 7}}, {"model": "suve_main.storagespecs", "pk": 22, "fields": {"rom": 1024, "ram": 12, "cpu": "Qualcomm Snapdragon 8 Gen 3", "gpu": "Adreno 750", "diagonal": "7.6", "product": 7}}, {"model": "suve_main.storagespecs", "pk": 23, "fields": {"rom": 256, "ram": 12, "cpu": "Qualcomm Snapdragon 8 Gen 3", "gpu": "Adreno 750", "diagonal": "6.7", "product": 8}}, {"model": "suve_main.storagespecs", "pk": 24, "fields": {"rom": 512, "ram": 12, "cpu": "Qualcomm Snapdragon 8 Gen 3", "gpu": "Adreno 750", "diagonal": "6.7", "product": 8}}, {"model": "suve_main.storagespecs", "pk": 25, "fields": {"rom": 256, "ram": 12, "cpu": "Qualcomm Snapdragon 8 Gen 3", "gpu": "Adreno 750", "diagonal": "6.8", "product": 9}}, {"model": "suve_main.storagespecs", "pk": 26, "fields": {"rom": 512, "ram": 12, "cpu": "Qualcomm Snapdragon 8 Gen 3", "gpu": "Adreno 750", "diagonal": "6.8", "product": 9}}, {"model": "suve_main.storagespecs", "pk": 27, "fields": {"rom": 1024, "ram": 12, "cpu": "Qualcomm Snapdragon 8 Gen 3", "gpu": "Adreno 750", "diagonal": "6.8", "product": 9}}, {"model": "suve_main.storagespecs", "pk": 28, "fields": {"rom": 256, "ram": 12, "cpu": "Qualcomm  Snapdragon 8 Gen 3 / Exynos 2400", "gpu": "Adreno 750 / Samsung Xclipse 940", "diagonal": "6.7", "product": 10}}, {"model": "suve_main.storagespecs", "pk": 29, "fields": {"rom": 512, "ram": 12, "cpu": "Qualcomm  Snapdragon 8 Gen 3 / Exynos 2400", "gpu": "Adreno 750 / Samsung Xclipse 940", "diagonal": "6.7", "product": 10}}, {"model": "suve_main.storagespecs", "pk": 30, "fields": {"rom": 128, "ram": 8, "cpu": "Qualcomm  Snapdragon 8 Gen 3 / Exynos 2400", "gpu": "Adreno 750 / Samsung Xclipse 940", "diagonal": "6.2", "product": 11}}, {"model": "suve_main.storagespecs", "pk": 31, "fields": {"rom": 256, "ram": 8, "cpu": "Qualcomm  Snapdragon 8 Gen 3 / Exynos 2400", "gpu": "Adreno 750 / Samsung Xclipse 940", "diagonal": "6.2", "product": 11}}, {"model": "suve_main.storagespecs", "pk": 32, "fields": {"rom": 128, "ram": 8, "cpu": "Qualcomm Snapdragon 8 Gen 1 / Exynos 2200", "gpu": "Adreno 730 / Samsung Xclipse 920", "diagonal": "6.4", "product": 12}}, {"model": "suve_main.storagespecs", "pk": 33, "fields": {"rom": 256, "ram": 8, "cpu": "Qualcomm Snapdragon 8 Gen 1 / Exynos 2200", "gpu": "Adreno 730 / Samsung Xclipse 920", "diagonal": "6.4", "product": 12}}, {"model": "suve_main.storagespecs", "pk": 34, "fields": {"rom": 256, "ram": 8, "cpu": "Apple M4 9-core CPU", "gpu": "Apple M4 10-core GPU", "diagonal": "11.0", "product": 13}}, {"model": "suve_main.storagespecs", "pk": 35, "fields": {"rom": 512, "ram": 8, "cpu": "Apple M4 9-core CPU", "gpu": "Apple M4 10-core GPU", "diagonal": "11.0", "product": 13}}, {"model": "suve_main.storagespecs", "pk": 36, "fields": {"rom": 1024, "ram": 16, "cpu": "Apple M4 10-core CPU", "gpu": "Apple M4 10-core GPU", "diagonal": "11.0", "product": 13}}, {"model": "suve_main.storagespecs", "pk": 37, "fields": {"rom": 2048, "ram": 16, "cpu": "Apple M4 10-core CPU", "gpu": "Apple M4 10-core GPU", "diagonal": "11.0", "product": 13}}, {"model": "suve_main.storagespecs", "pk": 38, "fields": {"rom": 256, "ram": 8, "cpu": "Apple M4 9-core CPU", "gpu": "Apple M4 10-core GPU", "diagonal": "13.0", "product": 13}}, {"model": "suve_main.storagespecs", "pk": 39, "fields": {"rom": 512, "ram": 8, "cpu": "Apple M4 9-core CPU", "gpu": "Apple M4 10-core GPU", "diagonal": "13.0", "product": 13}}, {"model": "suve_main.storagespecs", "pk": 40, "fields": {"rom": 1024, "ram": 16, "cpu": "Apple M4 10-core CPU", "gpu": "Apple M4 10-core GPU", "diagonal": "13.0", "product": 13}}, {"model": "suve_main.storagespecs", "pk": 41, "fields": {"rom": 2048, "ram": 16, "cpu": "Apple M4 10-core CPU", "gpu": "Apple M4 10-core GPU", "diagonal": "13.0", "product": 13}}, {"model": "suve_main.storagespecs", "pk": 42, "fields": {"rom": 128, "ram": 8, "cpu": "Apple M2 8-core CPU", "gpu": "Apple M2 9-core GPU", "diagonal": "11.0", "product": 14}}, {"model": "suve_main.storagespecs", "pk": 43, "fields": {"rom": 256, "ram": 8, "cpu": "Apple M2 8-core CPU", "gpu": "Apple M2 9-core GPU", "diagonal": "11.0", "product": 14}}, {"model": "suve_main.storagespecs", "pk": 44, "fields": {"rom": 512, "ram": 8, "cpu": "Apple M2 8-core CPU", "gpu": "Apple M2 9-core GPU", "diagonal": "11.0", "product": 14}}, {"model": "suve_main.storagespecs", "pk": 45, "fields": {"rom": 1024, "ram": 8, "cpu": "Apple M2 8-core CPU", "gpu": "Apple M2 9-core GPU", "diagonal": "11.0", "product": 14}}, {"model": "suve_main.storagespecs", "pk": 46, "fields": {"rom": 128, "ram": 8, "cpu": "Apple M2 8-core CPU", "gpu": "Apple M2 9-core GPU", "diagonal": "13.0", "product": 14}}, {"model": "suve_main.storagespecs", "pk": 47, "fields": {"rom": 256, "ram": 8, "cpu": "Apple M2 8-core CPU", "gpu": "Apple M2 9-core GPU", "diagonal": "13.0", "product": 14}}, {"model": "suve_main.storagespecs", "pk": 48, "fields": {"rom": 512, "ram": 8, "cpu": "Apple M2 8-core CPU", "gpu": "Apple M2 9-core GPU", "diagonal": "13.0", "product": 14}}, {"model": "suve_main.storagespecs", "pk": 49, "fields": {"rom": 1024, "ram": 8, "cpu": "Apple M2 8-core CPU", "gpu": "Apple M2 9-core GPU", "diagonal": "13.0", "product": 14}}, {"model": "suve_main.storagespecs", "pk": 50, "fields": {"rom": 64, "ram": 4, "cpu": "Apple A14 Bionic 6-core CPU", "gpu": "Apple A14 Bionic 4-core GPU", "diagonal": "10.9", "product": 15}}, {"model": "suve_main.storagespecs", "pk": 51, "fields": {"rom": 256, "ram": 4, "cpu": "Apple A14 Bionic 6-core CPU", "gpu": "Apple A14 Bionic 4-core GPU", "diagonal": "10.9", "product": 15}}, {"model": "suve_main.storagespecs", "pk": 52, "fields": {"rom": 64, "ram": 4, "cpu": "Apple A15 Bionic 6-core CPU", "gpu": "Apple A15 Bionic 5-core GPU", "diagonal": "8.3", "product": 16}}, {"model": "suve_main.storagespecs", "pk": 53, "fields": {"rom": 256, "ram": 4, "cpu": "Apple A15 Bionic 6-core CPU", "gpu": "Apple A15 Bionic 5-core GPU", "diagonal": "8.3", "product": 16}}, {"model": "suve_main.storagespecs", "pk": 54, "fields": {"rom": 256, "ram": 12, "cpu": "Qualcomm Snapdragon 8 Gen 3", "gpu": "Adreno 750", "diagonal": "14.6", "product": 17}}, {"model": "suve_main.storagespecs", "pk": 55, "fields": {"rom": 512, "ram": 12, "cpu": "Qualcomm Snapdragon 8 Gen 3", "gpu": "Adreno 750", "diagonal": "14.6", "product": 17}}, {"model": "suve_main.storagespecs", "pk": 56, "fields": {"rom": 1024, "ram": 16, "cpu": "Qualcomm Snapdragon 8 Gen 3", "gpu": "Adreno 750", "diagonal": "14.6", "product": 17}}, {"model": "suve_main.storagespecs", "pk": 57, "fields": {"rom": 256, "ram": 12, "cpu": "Qualcomm Snapdragon 8 Gen 2", "gpu": "Adreno 740", "diagonal": "12.4", "product": 18}}, {"model": "suve_main.storagespecs", "pk": 58, "fields": {"rom": 512, "ram": 12, "cpu": "Qualcomm Snapdragon 8 Gen 2", "gpu": "Adreno 740", "diagonal": "12.4", "product": 18}}, {"model": "suve_main.storagespecs", "pk": 59, "fields": {"rom": 128, "ram": 8, "cpu": "Qualcomm Snapdragon 8 Gen 2", "gpu": "Adreno 740", "diagonal": "11.0", "product": 19}}, {"model": "suve_main.storagespecs", "pk": 60, "fields": {"rom": 256, "ram": 12, "cpu": "Qualcomm Snapdragon 8 Gen 2", "gpu": "Adreno 740", "diagonal": "11.0", "product": 19}}, {"model": "suve_main.storagespecs", "pk": 61, "fields": {"rom": 128, "ram": 8, "cpu": "Exynos 1380", "gpu": "Mali-G68 MP5", "diagonal": "12.4", "product": 20}}, {"model": "suve_main.storagespecs", "pk": 62, "fields": {"rom": 256, "ram": 12, "cpu": "Exynos 1380", "gpu": "Mali-G68 MP5", "diagonal": "12.4", "product": 20}}, {"model": "suve_main.storagespecs", "pk": 63, "fields": {"rom": 128, "ram": 6, "cpu": "Exynos 1380", "gpu": "Mali-G68 MP5", "diagonal": "10.9", "product": 21}}, {"model": "suve_main.storagespecs", "pk": 64, "fields": {"rom": 256, "ram": 8, "cpu": "Exynos 1380", "gpu": "Mali-G68 MP5", "diagonal": "10.9", "product": 21}}, {"model": "suve_main.storagespecs", "pk": 65, "fields": {"rom": 512, "ram": 8, "cpu": "Apple M3 8‑core CPU", "gpu": "Apple M3 10‑core GPU", "diagonal": "14.2", "product": 22}}, {"model": "suve_main.storagespecs", "pk": 66, "fields": {"rom": 1024, "ram": 8, "cpu": "Apple M3 8‑core CPU", "gpu": "Apple M3 10‑core GPU", "diagonal": "14.2", "product": 22}}, {"model": "suve_main.storagespecs", "pk": 67, "fields": {"rom": 2048, "ram": 8, "cpu": "Apple M3 8‑core CPU", "gpu": "Apple M3 10‑core GPU", "diagonal": "14.2", "product": 22}}, {"model": "suve_main.storagespecs", "pk": 68, "fields": {"rom": 512, "ram": 16, "cpu": "Apple M3 8‑core CPU", "gpu": "Apple M3 10‑core GPU", "diagonal": "14.2", "product": 22}}, {"model": "suve_main.storagespecs", "pk": 69, "fields": {"rom": 1024, "ram": 16, "cpu": "Apple M3 8‑core CPU", "gpu": "Apple M3 10‑core GPU", "diagonal": "14.2", "product": 22}}, {"model": "suve_main.storagespecs", "pk": 70, "fields": {"rom": 2048, "ram": 16, "cpu": "Apple M3 8‑core CPU", "gpu": "Apple M3 10‑core GPU", "diagonal": "14.2", "product": 22}}, {"model": "suve_main.storagespecs", "pk": 71, "fields": {"rom": 512, "ram": 24, "cpu": "Apple M3 8‑core CPU", "gpu": "Apple M3 10‑core GPU", "diagonal": "14.2", "product": 22}}, {"model": "suve_main.storagespecs", "pk": 72, "fields": {"rom": 1024, "ram": 24, "cpu": "Apple M3 8‑core CPU", "gpu": "Apple M3 10‑core GPU", "diagonal": "14.2", "product": 22}}, {"model": "suve_main.storagespecs", "pk": 73, "fields": {"rom": 2048, "ram": 24, "cpu": "Apple M3 8‑core CPU", "gpu": "Apple M3 10‑core GPU", "diagonal": "14.2", "product": 22}}, {"model": "suve_main.storagespecs", "pk": 74, "fields": {"rom": 512, "ram": 18, "cpu": "Apple M3 Pro 11‑core CPU", "gpu": "Apple M3 Pro 14‑core GPU", "diagonal": "14.2", "product": 22}}, {"model": "suve_main.storagespecs", "pk": 75, "fields": {"rom": 1024, "ram": 18, "cpu": "Apple M3 Pro 11‑core CPU", "gpu": "Apple M3 Pro 14‑core GPU", "diagonal": "14.2", "product": 22}}, {"model": "suve_main.storagespecs", "pk": 76, "fields": {"rom": 2048, "ram": 18, "cpu": "Apple M3 Pro 11‑core CPU", "gpu": "Apple M3 Pro 14‑core GPU", "diagonal": "14.2", "product": 22}}, {"model": "suve_main.storagespecs", "pk": 77, "fields": {"rom": 4096, "ram": 18, "cpu": "Apple M3 Pro 11‑core CPU", "gpu": "Apple M3 Pro 14‑core GPU", "diagonal": "14.2", "product": 22}}, {"model": "suve_main.storagespecs", "pk": 78, "fields": {"rom": 512, "ram": 36, "cpu": "Apple M3 Pro 11‑core CPU", "gpu": "Apple M3 Pro 14‑core GPU", "diagonal": "14.2", "product": 22}}, {"model": "suve_main.storagespecs", "pk": 79, "fields": {"rom": 1024, "ram": 36, "cpu": "Apple M3 Pro 11‑core CPU", "gpu": "Apple M3 Pro 14‑core GPU", "diagonal": "14.2", "product": 22}}, {"model": "suve_main.storagespecs", "pk": 80, "fields": {"rom": 2048, "ram": 36, "cpu": "Apple M3 Pro 11‑core CPU", "gpu": "Apple M3 Pro 14‑core GPU", "diagonal": "14.2", "product": 22}}, {"model": "suve_main.storagespecs", "pk": 81, "fields": {"rom": 4096, "ram": 36, "cpu": "Apple M3 Pro 11‑core CPU", "gpu": "Apple M3 Pro 14‑core GPU", "diagonal": "14.2", "product": 22}}, {"model": "suve_main.storagespecs", "pk": 82, "fields": {"rom": 512, "ram": 18, "cpu": "Apple M3 Pro 12‑core CPU", "gpu": "Apple M3 Pro 18‑core GPU", "diagonal": "14.2", "product": 22}}, {"model": "suve_main.storagespecs", "pk": 83, "fields": {"rom": 1024, "ram": 18, "cpu": "Apple M3 Pro 12‑core CPU", "gpu": "Apple M3 Pro 18‑core GPU", "diagonal": "14.2", "product": 22}}, {"model": "suve_main.storagespecs", "pk": 84, "fields": {"rom": 2048, "ram": 18, "cpu": "Apple M3 Pro 12‑core CPU", "gpu": "Apple M3 Pro 18‑core GPU", "diagonal": "14.2", "product": 22}}, {"model": "suve_main.storagespecs", "pk": 85, "fields": {"rom": 4096, "ram": 18, "cpu": "Apple M3 Pro 12‑core CPU", "gpu": "Apple M3 Pro 18‑core GPU", "diagonal": "14.2", "product": 22}}, {"model": "suve_main.storagespecs", "pk": 86, "fields": {"rom": 512, "ram": 36, "cpu": "Apple M3 Pro 12‑core CPU", "gpu": "Apple M3 Pro 18‑core GPU", "diagonal": "14.2", "product": 22}}, {"model": "suve_main.storagespecs", "pk": 87, "fields": {"rom": 1024, "ram": 36, "cpu": "Apple M3 Pro 12‑core CPU", "gpu": "Apple M3 Pro 18‑core GPU", "diagonal": "14.2", "product": 22}}, {"model": "suve_main.storagespecs", "pk": 88, "fields": {"rom": 2048, "ram": 36, "cpu": "Apple M3 Pro 12‑core CPU", "gpu": "Apple M3 Pro 18‑core GPU", "diagonal": "14.2", "product": 22}}, {"model": "suve_main.storagespecs", "pk": 89, "fields": {"rom": 4096, "ram": 36, "cpu": "Apple M3 Pro 12‑core CPU", "gpu": "Apple M3 Pro 18‑core GPU", "diagonal": "14.2", "product": 22}}, {"model": "suve_main.storagespecs", "pk": 90, "fields": {"rom": 512, "ram": 18, "cpu": "Apple M3 Pro 12‑core CPU", "gpu": "Apple M3 Pro 18‑core GPU", "diagonal": "16.2", "product": 22}}, {"model": "suve_main.storagespecs", "pk": 91, "fields": {"rom": 1024, "ram": 18, "cpu": "Apple M3 Pro 12‑core CPU", "gpu": "Apple M3 Pro 18‑core GPU", "diagonal": "16.2", "product": 22}}, {"model": "suve_main.storagespecs", "pk": 92, "fields": {"rom": 2048, "ram": 18, "cpu": "Apple M3 Pro 12‑core CPU", "gpu": "Apple M3 Pro 18‑core GPU", "diagonal": "16.2", "product": 22}}, {"model": "suve_main.storagespecs", "pk": 93, "fields": {"rom": 4096, "ram": 18, "cpu": "Apple M3 Pro 12‑core CPU", "gpu": "Apple M3 Pro 18‑core GPU", "diagonal": "16.2", "product": 22}}, {"model": "suve_main.storagespecs", "pk": 94, "fields": {"rom": 512, "ram": 36, "cpu": "Apple M3 Pro 12‑core CPU", "gpu": "Apple M3 Pro 18‑core GPU", "diagonal": "16.2", "product": 22}}, {"model": "suve_main.storagespecs", "pk": 95, "fields": {"rom": 1024, "ram": 36, "cpu": "Apple M3 Pro 12‑core CPU", "gpu": "Apple M3 Pro 18‑core GPU", "diagonal": "16.2", "product": 22}}, {"model": "suve_main.storagespecs", "pk": 96, "fields": {"rom": 2048, "ram": 36, "cpu": "Apple M3 Pro 12‑core CPU", "gpu": "Apple M3 Pro 18‑core GPU", "diagonal": "16.2", "product": 22}}, {"model": "suve_main.storagespecs", "pk": 97, "fields": {"rom": 4096, "ram": 36, "cpu": "Apple M3 Pro 12‑core CPU", "gpu": "Apple M3 Pro 18‑core GPU", "diagonal": "16.2", "product": 22}}, {"model": "suve_main.storagespecs", "pk": 99, "fields": {"rom": 1024, "ram": 36, "cpu": "Apple M3 Max 14‑core CPU", "gpu": "Apple M3 Max 30‑core GPU", "diagonal": "16.2", "product": 22}}, {"model": "suve_main.storagespecs", "pk": 100, "fields": {"rom": 2048, "ram": 36, "cpu": "Apple M3 Max 14‑core CPU", "gpu": "Apple M3 Max 30‑core GPU", "diagonal": "16.2", "product": 22}}, {"model": "suve_main.storagespecs", "pk": 101, "fields": {"rom": 4096, "ram": 36, "cpu": "Apple M3 Max 14‑core CPU", "gpu": "Apple M3 Max 30‑core GPU", "diagonal": "16.2", "product": 22}}, {"model": "suve_main.storagespecs", "pk": 102, "fields": {"rom": 8192, "ram": 36, "cpu": "Apple M3 Max 14‑core CPU", "gpu": "Apple M3 Max 30‑core GPU", "diagonal": "16.2", "product": 22}}, {"model": "suve_main.storagespecs", "pk": 104, "fields": {"rom": 1024, "ram": 96, "cpu": "Apple M3 Max 14‑core CPU", "gpu": "Apple M3 Max 30‑core GPU", "diagonal": "16.2", "product": 22}}, {"model": "suve_main.storagespecs", "pk": 105, "fields": {"rom": 2048, "ram": 96, "cpu": "Apple M3 Max 14‑core CPU", "gpu": "Apple M3 Max 30‑core GPU", "diagonal": "16.2", "product": 22}}, {"model": "suve_main.storagespecs", "pk": 106, "fields": {"rom": 4096, "ram": 96, "cpu": "Apple M3 Max 14‑core CPU", "gpu": "Apple M3 Max 30‑core GPU", "diagonal": "16.2", "product": 22}}, {"model": "suve_main.storagespecs", "pk": 107, "fields": {"rom": 8192, "ram": 96, "cpu": "Apple M3 Max 14‑core CPU", "gpu": "Apple M3 Max 30‑core GPU", "diagonal": "16.2", "product": 22}}, {"model": "suve_main.storagespecs", "pk": 109, "fields": {"rom": 1024, "ram": 36, "cpu": "Apple M3 Max 14‑core CPU", "gpu": "Apple M3 Max 30‑core GPU", "diagonal": "16.2", "product": 22}}, {"model": "suve_main.storagespecs", "pk": 110, "fields": {"rom": 2048, "ram": 36, "cpu": "Apple M3 Max 14‑core CPU", "gpu": "Apple M3 Max 30‑core GPU", "diagonal": "16.2", "product": 22}}, {"model": "suve_main.storagespecs", "pk": 111, "fields": {"rom": 4096, "ram": 36, "cpu": "Apple M3 Max 14‑core CPU", "gpu": "Apple M3 Max 30‑core GPU", "diagonal": "16.2", "product": 22}}, {"model": "suve_main.storagespecs", "pk": 112, "fields": {"rom": 8192, "ram": 36, "cpu": "Apple M3 Max 14‑core CPU", "gpu": "Apple M3 Max 30‑core GPU", "diagonal": "16.2", "product": 22}}, {"model": "suve_main.storagespecs", "pk": 114, "fields": {"rom": 1024, "ram": 96, "cpu": "Apple M3 Max 14‑core CPU", "gpu": "Apple M3 Max 30‑core GPU", "diagonal": "16.2", "product": 22}}, {"model": "suve_main.storagespecs", "pk": 115, "fields": {"rom": 2048, "ram": 96, "cpu": "Apple M3 Max 14‑core CPU", "gpu": "Apple M3 Max 30‑core GPU", "diagonal": "16.2", "product": 22}}, {"model": "suve_main.storagespecs", "pk": 116, "fields": {"rom": 4096, "ram": 96, "cpu": "Apple M3 Max 14‑core CPU", "gpu": "Apple M3 Max 30‑core GPU", "diagonal": "16.2", "product": 22}}, {"model": "suve_main.storagespecs", "pk": 117, "fields": {"rom": 8192, "ram": 96, "cpu": "Apple M3 Max 14‑core CPU", "gpu": "Apple M3 Max 30‑core GPU", "diagonal": "16.2", "product": 22}}, {"model": "suve_main.storagespecs", "pk": 119, "fields": {"rom": 1024, "ram": 48, "cpu": "Apple M3 Max 16‑core CPU", "gpu": "Apple M3 Max 40‑core GPU", "diagonal": "16.2", "product": 22}}, {"model": "suve_main.storagespecs", "pk": 120, "fields": {"rom": 2048, "ram": 48, "cpu": "Apple M3 Max 16‑core CPU", "gpu": "Apple M3 Max 40‑core GPU", "diagonal": "16.2", "product": 22}}, {"model": "suve_main.storagespecs", "pk": 121, "fields": {"rom": 4096, "ram": 48, "cpu": "Apple M3 Max 16‑core CPU", "gpu": "Apple M3 Max 40‑core GPU", "diagonal": "16.2", "product": 22}}, {"model": "suve_main.storagespecs", "pk": 122, "fields": {"rom": 8192, "ram": 48, "cpu": "Apple M3 Max 16‑core CPU", "gpu": "Apple M3 Max 40‑core GPU", "diagonal": "16.2", "product": 22}}, {"model": "suve_main.storagespecs", "pk": 124, "fields": {"rom": 1024, "ram": 64, "cpu": "Apple M3 Max 16‑core CPU", "gpu": "Apple M3 Max 40‑core GPU", "diagonal": "16.2", "product": 22}}, {"model": "suve_main.storagespecs", "pk": 125, "fields": {"rom": 2048, "ram": 64, "cpu": "Apple M3 Max 16‑core CPU", "gpu": "Apple M3 Max 40‑core GPU", "diagonal": "16.2", "product": 22}}, {"model": "suve_main.storagespecs", "pk": 126, "fields": {"rom": 4096, "ram": 64, "cpu": "Apple M3 Max 16‑core CPU", "gpu": "Apple M3 Max 40‑core GPU", "diagonal": "16.2", "product": 22}}, {"model": "suve_main.storagespecs", "pk": 127, "fields": {"rom": 8192, "ram": 64, "cpu": "Apple M3 Max 16‑core CPU", "gpu": "Apple M3 Max 40‑core GPU", "diagonal": "16.2", "product": 22}}, {"model": "suve_main.storagespecs", "pk": 129, "fields": {"rom": 1024, "ram": 128, "cpu": "Apple M3 Max 16‑core CPU", "gpu": "Apple M3 Max 40‑core GPU", "diagonal": "16.2", "product": 22}}, {"model": "suve_main.storagespecs", "pk": 130, "fields": {"rom": 2048, "ram": 128, "cpu": "Apple M3 Max 16‑core CPU", "gpu": "Apple M3 Max 40‑core GPU", "diagonal": "16.2", "product": 22}}, {"model": "suve_main.storagespecs", "pk": 131, "fields": {"rom": 4096, "ram": 128, "cpu": "Apple M3 Max 16‑core CPU", "gpu": "Apple M3 Max 40‑core GPU", "diagonal": "16.2", "product": 22}}, {"model": "suve_main.storagespecs", "pk": 132, "fields": {"rom": 8192, "ram": 128, "cpu": "Apple M3 Max 16‑core CPU", "gpu": "Apple M3 Max 40‑core GPU", "diagonal": "16.2", "product": 22}}, {"model": "suve_main.storagespecs", "pk": 134, "fields": {"rom": 1024, "ram": 48, "cpu": "Apple M3 Max 16‑core CPU", "gpu": "Apple M3 Max 40‑core GPU", "diagonal": "16.2", "product": 22}}, {"model": "suve_main.storagespecs", "pk": 135, "fields": {"rom": 2048, "ram": 48, "cpu": "Apple M3 Max 16‑core CPU", "gpu": "Apple M3 Max 40‑core GPU", "diagonal": "16.2", "product": 22}}, {"model": "suve_main.storagespecs", "pk": 136, "fields": {"rom": 4096, "ram": 48, "cpu": "Apple M3 Max 16‑core CPU", "gpu": "Apple M3 Max 40‑core GPU", "diagonal": "16.2", "product": 22}}, {"model": "suve_main.storagespecs", "pk": 137, "fields": {"rom": 8192, "ram": 48, "cpu": "Apple M3 Max 16‑core CPU", "gpu": "Apple M3 Max 40‑core GPU", "diagonal": "16.2", "product": 22}}, {"model": "suve_main.storagespecs", "pk": 139, "fields": {"rom": 1024, "ram": 64, "cpu": "Apple M3 Max 16‑core CPU", "gpu": "Apple M3 Max 40‑core GPU", "diagonal": "16.2", "product": 22}}, {"model": "suve_main.storagespecs", "pk": 140, "fields": {"rom": 2048, "ram": 64, "cpu": "Apple M3 Max 16‑core CPU", "gpu": "Apple M3 Max 40‑core GPU", "diagonal": "16.2", "product": 22}}, {"model": "suve_main.storagespecs", "pk": 141, "fields": {"rom": 4096, "ram": 64, "cpu": "Apple M3 Max 16‑core CPU", "gpu": "Apple M3 Max 40‑core GPU", "diagonal": "16.2", "product": 22}}, {"model": "suve_main.storagespecs", "pk": 142, "fields": {"rom": 8192, "ram": 64, "cpu": "Apple M3 Max 16‑core CPU", "gpu": "Apple M3 Max 40‑core GPU", "diagonal": "16.2", "product": 22}}, {"model": "suve_main.storagespecs", "pk": 144, "fields": {"rom": 1024, "ram": 128, "cpu": "Apple M3 Max 16‑core CPU", "gpu": "Apple M3 Max 40‑core GPU", "diagonal": "16.2", "product": 22}}, {"model": "suve_main.storagespecs", "pk": 145, "fields": {"rom": 2048, "ram": 128, "cpu": "Apple M3 Max 16‑core CPU", "gpu": "Apple M3 Max 40‑core GPU", "diagonal": "16.2", "product": 22}}, {"model": "suve_main.storagespecs", "pk": 146, "fields": {"rom": 4096, "ram": 128, "cpu": "Apple M3 Max 16‑core CPU", "gpu": "Apple M3 Max 40‑core GPU", "diagonal": "16.2", "product": 22}}, {"model": "suve_main.storagespecs", "pk": 147, "fields": {"rom": 8192, "ram": 128, "cpu": "Apple M3 Max 16‑core CPU", "gpu": "Apple M3 Max 40‑core GPU", "diagonal": "16.2", "product": 22}}, {"model": "suve_main.storagespecs", "pk": 183, "fields": {"rom": 256, "ram": 8, "cpu": "Apple M2 8-core CPU", "gpu": "Apple M2 8-core GPU", "diagonal": "13.6", "product": 23}}, {"model": "suve_main.storagespecs", "pk": 184, "fields": {"rom": 256, "ram": 8, "cpu": "Apple M2 8-core CPU", "gpu": "Apple M2 10-core GPU", "diagonal": "13.6", "product": 23}}, {"model": "suve_main.storagespecs", "pk": 185, "fields": {"rom": 512, "ram": 8, "cpu": "Apple M2 8-core CPU", "gpu": "Apple M2 10-core GPU", "diagonal": "13.6", "product": 23}}, {"model": "suve_main.storagespecs", "pk": 186, "fields": {"rom": 1024, "ram": 8, "cpu": "Apple M2 8-core CPU", "gpu": "Apple M2 10-core GPU", "diagonal": "13.6", "product": 23}}, {"model": "suve_main.storagespecs", "pk": 187, "fields": {"rom": 2048, "ram": 8, "cpu": "Apple M2 8-core CPU", "gpu": "Apple M2 10-core GPU", "diagonal": "13.6", "product": 23}}, {"model": "suve_main.storagespecs", "pk": 188, "fields": {"rom": 256, "ram": 16, "cpu": "Apple M2 8-core CPU", "gpu": "Apple M2 10-core GPU", "diagonal": "13.6", "product": 23}}, {"model": "suve_main.storagespecs", "pk": 189, "fields": {"rom": 512, "ram": 16, "cpu": "Apple M2 8-core CPU", "gpu": "Apple M2 10-core GPU", "diagonal": "13.6", "product": 23}}, {"model": "suve_main.storagespecs", "pk": 190, "fields": {"rom": 1024, "ram": 16, "cpu": "Apple M2 8-core CPU", "gpu": "Apple M2 10-core GPU", "diagonal": "13.6", "product": 23}}, {"model": "suve_main.storagespecs", "pk": 191, "fields": {"rom": 2048, "ram": 16, "cpu": "Apple M2 8-core CPU", "gpu": "Apple M2 10-core GPU", "diagonal": "13.6", "product": 23}}, {"model": "suve_main.storagespecs", "pk": 192, "fields": {"rom": 256, "ram": 24, "cpu": "Apple M2 8-core CPU", "gpu": "Apple M2 10-core GPU", "diagonal": "13.6", "product": 23}}, {"model": "suve_main.storagespecs", "pk": 193, "fields": {"rom": 512, "ram": 24, "cpu": "Apple M2 8-core CPU", "gpu": "Apple M2 10-core GPU", "diagonal": "13.6", "product": 23}}, {"model": "suve_main.storagespecs", "pk": 194, "fields": {"rom": 1024, "ram": 24, "cpu": "Apple M2 8-core CPU", "gpu": "Apple M2 10-core GPU", "diagonal": "13.6", "product": 23}}, {"model": "suve_main.storagespecs", "pk": 195, "fields": {"rom": 2048, "ram": 24, "cpu": "Apple M2 8-core CPU", "gpu": "Apple M2 10-core GPU", "diagonal": "13.6", "product": 23}}, {"model": "suve_main.storagespecs", "pk": 196, "fields": {"rom": 256, "ram": 8, "cpu": "Apple M3 8-core CPU", "gpu": "Apple M3 8-core GPU", "diagonal": "13.6", "product": 23}}, {"model": "suve_main.storagespecs", "pk": 197, "fields": {"rom": 256, "ram": 8, "cpu": "Apple M3 8-core CPU", "gpu": "Apple M3 10-core GPU", "diagonal": "13.6", "product": 23}}, {"model": "suve_main.storagespecs", "pk": 198, "fields": {"rom": 512, "ram": 8, "cpu": "Apple M3 8-core CPU", "gpu": "Apple M3 10-core GPU", "diagonal": "13.6", "product": 23}}, {"model": "suve_main.storagespecs", "pk": 199, "fields": {"rom": 1024, "ram": 8, "cpu": "Apple M3 8-core CPU", "gpu": "Apple M3 10-core GPU", "diagonal": "13.6", "product": 23}}, {"model": "suve_main.storagespecs", "pk": 200, "fields": {"rom": 2048, "ram": 8, "cpu": "Apple M3 8-core CPU", "gpu": "Apple M3 10-core GPU", "diagonal": "13.6", "product": 23}}, {"model": "suve_main.storagespecs", "pk": 201, "fields": {"rom": 256, "ram": 16, "cpu": "Apple M3 8-core CPU", "gpu": "Apple M3 10-core GPU", "diagonal": "13.6", "product": 23}}, {"model": "suve_main.storagespecs", "pk": 202, "fields": {"rom": 512, "ram": 16, "cpu": "Apple M3 8-core CPU", "gpu": "Apple M3 10-core GPU", "diagonal": "13.6", "product": 23}}, {"model": "suve_main.storagespecs", "pk": 203, "fields": {"rom": 1024, "ram": 16, "cpu": "Apple M3 8-core CPU", "gpu": "Apple M3 10-core GPU", "diagonal": "13.6", "product": 23}}, {"model": "suve_main.storagespecs", "pk": 204, "fields": {"rom": 2048, "ram": 16, "cpu": "Apple M3 8-core CPU", "gpu": "Apple M3 10-core GPU", "diagonal": "13.6", "product": 23}}, {"model": "suve_main.storagespecs", "pk": 205, "fields": {"rom": 256, "ram": 24, "cpu": "Apple M3 8-core CPU", "gpu": "Apple M3 10-core GPU", "diagonal": "13.6", "product": 23}}, {"model": "suve_main.storagespecs", "pk": 206, "fields": {"rom": 512, "ram": 24, "cpu": "Apple M3 8-core CPU", "gpu": "Apple M3 10-core GPU", "diagonal": "13.6", "product": 23}}, {"model": "suve_main.storagespecs", "pk": 207, "fields": {"rom": 1024, "ram": 24, "cpu": "Apple M3 8-core CPU", "gpu": "Apple M3 10-core GPU", "diagonal": "13.6", "product": 23}}, {"model": "suve_main.storagespecs", "pk": 208, "fields": {"rom": 2048, "ram": 24, "cpu": "Apple M3 8-core CPU", "gpu": "Apple M3 10-core GPU", "diagonal": "13.6", "product": 23}}, {"model": "suve_main.storagespecs", "pk": 209, "fields": {"rom": 256, "ram": 8, "cpu": "Apple M3 8-core CPU", "gpu": "Apple M3 10-core GPU", "diagonal": "15.3", "product": 23}}, {"model": "suve_main.storagespecs", "pk": 210, "fields": {"rom": 512, "ram": 8, "cpu": "Apple M3 8-core CPU", "gpu": "Apple M3 10-core GPU", "diagonal": "15.3", "product": 23}}, {"model": "suve_main.storagespecs", "pk": 211, "fields": {"rom": 1024, "ram": 8, "cpu": "Apple M3 8-core CPU", "gpu": "Apple M3 10-core GPU", "diagonal": "15.3", "product": 23}}, {"model": "suve_main.storagespecs", "pk": 212, "fields": {"rom": 2048, "ram": 8, "cpu": "Apple M3 8-core CPU", "gpu": "Apple M3 10-core GPU", "diagonal": "15.3", "product": 23}}, {"model": "suve_main.storagespecs", "pk": 213, "fields": {"rom": 256, "ram": 16, "cpu": "Apple M3 8-core CPU", "gpu": "Apple M3 10-core GPU", "diagonal": "15.3", "product": 23}}, {"model": "suve_main.storagespecs", "pk": 214, "fields": {"rom": 512, "ram": 16, "cpu": "Apple M3 8-core CPU", "gpu": "Apple M3 10-core GPU", "diagonal": "15.3", "product": 23}}, {"model": "suve_main.storagespecs", "pk": 215, "fields": {"rom": 1024, "ram": 16, "cpu": "Apple M3 8-core CPU", "gpu": "Apple M3 10-core GPU", "diagonal": "15.3", "product": 23}}, {"model": "suve_main.storagespecs", "pk": 216, "fields": {"rom": 2048, "ram": 16, "cpu": "Apple M3 8-core CPU", "gpu": "Apple M3 10-core GPU", "diagonal": "15.3", "product": 23}}, {"model": "suve_main.storagespecs", "pk": 217, "fields": {"rom": 256, "ram": 24, "cpu": "Apple M3 8-core CPU", "gpu": "Apple M3 10-core GPU", "diagonal": "15.3", "product": 23}}, {"model": "suve_main.storagespecs", "pk": 218, "fields": {"rom": 512, "ram": 24, "cpu": "Apple M3 8-core CPU", "gpu": "Apple M3 10-core GPU", "diagonal": "15.3", "product": 23}}, {"model": "suve_main.storagespecs", "pk": 219, "fields": {"rom": 1024, "ram": 24, "cpu": "Apple M3 8-core CPU", "gpu": "Apple M3 10-core GPU", "diagonal": "15.3", "product": 23}}, {"model": "suve_main.storagespecs", "pk": 220, "fields": {"rom": 2048, "ram": 24, "cpu": "Apple M3 8-core CPU", "gpu": "Apple M3 10-core GPU", "diagonal": "15.3", "product": 23}}, {"model": "suve_main.storagespecs", "pk": 245, "fields": {"rom": 512, "ram": 16, "cpu": "Snapdragon X Elite 3.4GHz", "gpu": "Qualcomm Adreno X1", "diagonal": "14.0", "product": 24}}, {"model": "suve_main.storagespecs", "pk": 246, "fields": {"rom": 512, "ram": 16, "cpu": "Snapdragon X Elite 3.4GHz", "gpu": "Qualcomm Adreno X1", "diagonal": "16.0", "product": 24}}, {"model": "suve_main.storagespecs", "pk": 247, "fields": {"rom": 1024, "ram": 16, "cpu": "Snapdragon X Elite 3.8GHz", "gpu": "Qualcomm Adreno X1", "diagonal": "16.0", "product": 24}}, {"model": "suve_main.storagespecs", "pk": 248, "fields": {"rom": 1024, "ram": 16, "cpu": "Intel Core Ultra 7", "gpu": "NVIDIA GeForce RTX 4050", "diagonal": "16.0", "product": 25}}, {"model": "suve_main.storagespecs", "pk": 249, "fields": {"rom": 1024, "ram": 32, "cpu": "Intel Core Ultra 9", "gpu": "NVIDIA GeForce RTX 4070", "diagonal": "16.0", "product": 25}}, {"model": "suve_main.storagespecs", "pk": 250, "fields": {"rom": 1024, "ram": 16, "cpu": "Intel Core Ultra 7", "gpu": "Intel ARC", "diagonal": "16.0", "product": 26}}, {"model": "suve_main.storagespecs", "pk": 251, "fields": {"rom": 512, "ram": 16, "cpu": "Intel Core Ultra 7", "gpu": "Intel ARC", "diagonal": "14.0", "product": 27}}, {"model": "suve_main.storagespecs", "pk": 252, "fields": {"rom": 1024, "ram": 16, "cpu": "Intel Core Ultra 7", "gpu": "Intel ARC", "diagonal": "16.0", "product": 27}}, {"model": "suve_main.storagespecs", "pk": 253, "fields": {"rom": 512, "ram": 16, "cpu": "Intel Core Ultra 7", "gpu": "Intel Graphics", "diagonal": "15.6", "product": 28}}, {"model": "suve_main.storagespecs", "pk": 254, "fields": {"rom": 1024, "ram": 16, "cpu": "Intel Core Ultra 7", "gpu": "Intel Graphics", "diagonal": "15.6", "product": 28}}, {"model": "suve_main.storagespecs", "pk": 255, "fields": {"rom": 512, "ram": 16, "cpu": "Intel Core Ultra 7", "gpu": "Intel Graphics", "diagonal": "15.6", "product": 29}}, {"model": "suve_main.storagespecs", "pk": 256, "fields": {"rom": 256, "ram": 8, "cpu": "Apple M3 8‑core CPU", "gpu": "Apple M3 8‑core GPU", "diagonal": "23.5", "product": 30}}, {"model": "suve_main.storagespecs", "pk": 257, "fields": {"rom": 512, "ram": 8, "cpu": "Apple M3 8‑core CPU", "gpu": "Apple M3 8‑core GPU", "diagonal": "23.5", "product": 30}}, {"model": "suve_main.storagespecs", "pk": 258, "fields": {"rom": 1024, "ram": 8, "cpu": "Apple M3 8‑core CPU", "gpu": "Apple M3 8‑core GPU", "diagonal": "23.5", "product": 30}}, {"model": "suve_main.storagespecs", "pk": 259, "fields": {"rom": 256, "ram": 16, "cpu": "Apple M3 8‑core CPU", "gpu": "Apple M3 8‑core GPU", "diagonal": "23.5", "product": 30}}, {"model": "suve_main.storagespecs", "pk": 260, "fields": {"rom": 512, "ram": 16, "cpu": "Apple M3 8‑core CPU", "gpu": "Apple M3 8‑core GPU", "diagonal": "23.5", "product": 30}}, {"model": "suve_main.storagespecs", "pk": 261, "fields": {"rom": 1024, "ram": 16, "cpu": "Apple M3 8‑core CPU", "gpu": "Apple M3 8‑core GPU", "diagonal": "23.5", "product": 30}}, {"model": "suve_main.storagespecs", "pk": 262, "fields": {"rom": 256, "ram": 24, "cpu": "Apple M3 8‑core CPU", "gpu": "Apple M3 8‑core GPU", "diagonal": "23.5", "product": 30}}, {"model": "suve_main.storagespecs", "pk": 263, "fields": {"rom": 512, "ram": 24, "cpu": "Apple M3 8‑core CPU", "gpu": "Apple M3 8‑core GPU", "diagonal": "23.5", "product": 30}}, {"model": "suve_main.storagespecs", "pk": 264, "fields": {"rom": 1024, "ram": 24, "cpu": "Apple M3 8‑core CPU", "gpu": "Apple M3 8‑core GPU", "diagonal": "23.5", "product": 30}}, {"model": "suve_main.storagespecs", "pk": 265, "fields": {"rom": 1024, "ram": 64, "cpu": "Apple M2 Ultra 24‑core CPU", "gpu": "Apple M2 Ultra 60‑core GPU", "diagonal": null, "product": 31}}, {"model": "suve_main.storagespecs", "pk": 266, "fields": {"rom": 2048, "ram": 64, "cpu": "Apple M2 Ultra 24‑core CPU", "gpu": "Apple M2 Ultra 60‑core GPU", "diagonal": null, "product": 31}}, {"model": "suve_main.storagespecs", "pk": 267, "fields": {"rom": 4096, "ram": 64, "cpu": "Apple M2 Ultra 24‑core CPU", "gpu": "Apple M2 Ultra 60‑core GPU", "diagonal": null, "product": 31}}, {"model": "suve_main.storagespecs", "pk": 268, "fields": {"rom": 8192, "ram": 64, "cpu": "Apple M2 Ultra 24‑core CPU", "gpu": "Apple M2 Ultra 60‑core GPU", "diagonal": null, "product": 31}}, {"model": "suve_main.storagespecs", "pk": 269, "fields": {"rom": 1024, "ram": 128, "cpu": "Apple M2 Ultra 24‑core CPU", "gpu": "Apple M2 Ultra 60‑core GPU", "diagonal": null, "product": 31}}, {"model": "suve_main.storagespecs", "pk": 270, "fields": {"rom": 2048, "ram": 128, "cpu": "Apple M2 Ultra 24‑core CPU", "gpu": "Apple M2 Ultra 60‑core GPU", "diagonal": null, "product": 31}}, {"model": "suve_main.storagespecs", "pk": 271, "fields": {"rom": 4096, "ram": 128, "cpu": "Apple M2 Ultra 24‑core CPU", "gpu": "Apple M2 Ultra 60‑core GPU", "diagonal": null, "product": 31}}, {"model": "suve_main.storagespecs", "pk": 272, "fields": {"rom": 8192, "ram": 128, "cpu": "Apple M2 Ultra 24‑core CPU", "gpu": "Apple M2 Ultra 60‑core GPU", "diagonal": null, "product": 31}}, {"model": "suve_main.storagespecs", "pk": 273, "fields": {"rom": 1024, "ram": 192, "cpu": "Apple M2 Ultra 24‑core CPU", "gpu": "Apple M2 Ultra 60‑core GPU", "diagonal": null, "product": 31}}, {"model": "suve_main.storagespecs", "pk": 274, "fields": {"rom": 2048, "ram": 192, "cpu": "Apple M2 Ultra 24‑core CPU", "gpu": "Apple M2 Ultra 60‑core GPU", "diagonal": null, "product": 31}}, {"model": "suve_main.storagespecs", "pk": 275, "fields": {"rom": 4096, "ram": 192, "cpu": "Apple M2 Ultra 24‑core CPU", "gpu": "Apple M2 Ultra 60‑core GPU", "diagonal": null, "product": 31}}, {"model": "suve_main.storagespecs", "pk": 276, "fields": {"rom": 8192, "ram": 192, "cpu": "Apple M2 Ultra 24‑core CPU", "gpu": "Apple M2 Ultra 60‑core GPU", "diagonal": null, "product": 31}}, {"model": "suve_main.storagespecs", "pk": 277, "fields": {"rom": 1024, "ram": 64, "cpu": "Apple M2 Ultra 24‑core CPU", "gpu": "Apple M2 Ultra 76‑core GPU", "diagonal": null, "product": 31}}, {"model": "suve_main.storagespecs", "pk": 278, "fields": {"rom": 2048, "ram": 64, "cpu": "Apple M2 Ultra 24‑core CPU", "gpu": "Apple M2 Ultra 76‑core GPU", "diagonal": null, "product": 31}}, {"model": "suve_main.storagespecs", "pk": 279, "fields": {"rom": 4096, "ram": 64, "cpu": "Apple M2 Ultra 24‑core CPU", "gpu": "Apple M2 Ultra 76‑core GPU", "diagonal": null, "product": 31}}, {"model": "suve_main.storagespecs", "pk": 280, "fields": {"rom": 8192, "ram": 64, "cpu": "Apple M2 Ultra 24‑core CPU", "gpu": "Apple M2 Ultra 76‑core GPU", "diagonal": null, "product": 31}}, {"model": "suve_main.storagespecs", "pk": 281, "fields": {"rom": 1024, "ram": 128, "cpu": "Apple M2 Ultra 24‑core CPU", "gpu": "Apple M2 Ultra 76‑core GPU", "diagonal": null, "product": 31}}, {"model": "suve_main.storagespecs", "pk": 282, "fields": {"rom": 2048, "ram": 128, "cpu": "Apple M2 Ultra 24‑core CPU", "gpu": "Apple M2 Ultra 76‑core GPU", "diagonal": null, "product": 31}}, {"model": "suve_main.storagespecs", "pk": 283, "fields": {"rom": 4096, "ram": 128, "cpu": "Apple M2 Ultra 24‑core CPU", "gpu": "Apple M2 Ultra 76‑core GPU", "diagonal": null, "product": 31}}, {"model": "suve_main.storagespecs", "pk": 284, "fields": {"rom": 8192, "ram": 128, "cpu": "Apple M2 Ultra 24‑core CPU", "gpu": "Apple M2 Ultra 76‑core GPU", "diagonal": null, "product": 31}}, {"model": "suve_main.storagespecs", "pk": 285, "fields": {"rom": 1024, "ram": 192, "cpu": "Apple M2 Ultra 24‑core CPU", "gpu": "Apple M2 Ultra 76‑core GPU", "diagonal": null, "product": 31}}, {"model": "suve_main.storagespecs", "pk": 286, "fields": {"rom": 2048, "ram": 192, "cpu": "Apple M2 Ultra 24‑core CPU", "gpu": "Apple M2 Ultra 76‑core GPU", "diagonal": null, "product": 31}}, {"model": "suve_main.storagespecs", "pk": 287, "fields": {"rom": 4096, "ram": 192, "cpu": "Apple M2 Ultra 24‑core CPU", "gpu": "Apple M2 Ultra 76‑core GPU", "diagonal": null, "product": 31}}, {"model": "suve_main.storagespecs", "pk": 288, "fields": {"rom": 8192, "ram": 192, "cpu": "Apple M2 Ultra 24‑core CPU", "gpu": "Apple M2 Ultra 76‑core GPU", "diagonal": null, "product": 31}}, {"model": "suve_main.storagespecs", "pk": 289, "fields": {"rom": 512, "ram": 32, "cpu": "Apple M2 Max 12‑core CPU", "gpu": "Apple M2 Max 30‑core GPU", "diagonal": null, "product": 32}}, {"model": "suve_main.storagespecs", "pk": 290, "fields": {"rom": 1024, "ram": 32, "cpu": "Apple M2 Max 12‑core CPU", "gpu": "Apple M2 Max 30‑core GPU", "diagonal": null, "product": 32}}, {"model": "suve_main.storagespecs", "pk": 291, "fields": {"rom": 2048, "ram": 32, "cpu": "Apple M2 Max 12‑core CPU", "gpu": "Apple M2 Max 30‑core GPU", "diagonal": null, "product": 32}}, {"model": "suve_main.storagespecs", "pk": 292, "fields": {"rom": 4096, "ram": 32, "cpu": "Apple M2 Max 12‑core CPU", "gpu": "Apple M2 Max 30‑core GPU", "diagonal": null, "product": 32}}, {"model": "suve_main.storagespecs", "pk": 293, "fields": {"rom": 8192, "ram": 32, "cpu": "Apple M2 Max 12‑core CPU", "gpu": "Apple M2 Max 30‑core GPU", "diagonal": null, "product": 32}}, {"model": "suve_main.storagespecs", "pk": 294, "fields": {"rom": 512, "ram": 64, "cpu": "Apple M2 Max 12‑core CPU", "gpu": "Apple M2 Max 30‑core GPU", "diagonal": null, "product": 32}}, {"model": "suve_main.storagespecs", "pk": 295, "fields": {"rom": 1024, "ram": 64, "cpu": "Apple M2 Max 12‑core CPU", "gpu": "Apple M2 Max 30‑core GPU", "diagonal": null, "product": 32}}, {"model": "suve_main.storagespecs", "pk": 296, "fields": {"rom": 2048, "ram": 64, "cpu": "Apple M2 Max 12‑core CPU", "gpu": "Apple M2 Max 30‑core GPU", "diagonal": null, "product": 32}}, {"model": "suve_main.storagespecs", "pk": 297, "fields": {"rom": 4096, "ram": 64, "cpu": "Apple M2 Max 12‑core CPU", "gpu": "Apple M2 Max 30‑core GPU", "diagonal": null, "product": 32}}, {"model": "suve_main.storagespecs", "pk": 298, "fields": {"rom": 8192, "ram": 64, "cpu": "Apple M2 Max 12‑core CPU", "gpu": "Apple M2 Max 30‑core GPU", "diagonal": null, "product": 32}}, {"model": "suve_main.storagespecs", "pk": 299, "fields": {"rom": 512, "ram": 32, "cpu": "Apple M2 Max 12‑core CPU", "gpu": "Apple M2 Max 38‑core GPU", "diagonal": null, "product": 32}}, {"model": "suve_main.storagespecs", "pk": 300, "fields": {"rom": 1024, "ram": 32, "cpu": "Apple M2 Max 12‑core CPU", "gpu": "Apple M2 Max 38‑core GPU", "diagonal": null, "product": 32}}, {"model": "suve_main.storagespecs", "pk": 301, "fields": {"rom": 2048, "ram": 32, "cpu": "Apple M2 Max 12‑core CPU", "gpu": "Apple M2 Max 38‑core GPU", "diagonal": null, "product": 32}}, {"model": "suve_main.storagespecs", "pk": 302, "fields": {"rom": 4096, "ram": 32, "cpu": "Apple M2 Max 12‑core CPU", "gpu": "Apple M2 Max 38‑core GPU", "diagonal": null, "product": 32}}, {"model": "suve_main.storagespecs", "pk": 303, "fields": {"rom": 8192, "ram": 32, "cpu": "Apple M2 Max 12‑core CPU", "gpu": "Apple M2 Max 38‑core GPU", "diagonal": null, "product": 32}}, {"model": "suve_main.storagespecs", "pk": 304, "fields": {"rom": 512, "ram": 64, "cpu": "Apple M2 Max 12‑core CPU", "gpu": "Apple M2 Max 38‑core GPU", "diagonal": null, "product": 32}}, {"model": "suve_main.storagespecs", "pk": 305, "fields": {"rom": 1024, "ram": 64, "cpu": "Apple M2 Max 12‑core CPU", "gpu": "Apple M2 Max 38‑core GPU", "diagonal": null, "product": 32}}, {"model": "suve_main.storagespecs", "pk": 306, "fields": {"rom": 2048, "ram": 64, "cpu": "Apple M2 Max 12‑core CPU", "gpu": "Apple M2 Max 38‑core GPU", "diagonal": null, "product": 32}}, {"model": "suve_main.storagespecs", "pk": 307, "fields": {"rom": 4096, "ram": 64, "cpu": "Apple M2 Max 12‑core CPU", "gpu": "Apple M2 Max 38‑core GPU", "diagonal": null, "product": 32}}, {"model": "suve_main.storagespecs", "pk": 308, "fields": {"rom": 8192, "ram": 64, "cpu": "Apple M2 Max 12‑core CPU", "gpu": "Apple M2 Max 38‑core GPU", "diagonal": null, "product": 32}}, {"model": "suve_main.storagespecs", "pk": 309, "fields": {"rom": 512, "ram": 96, "cpu": "Apple M2 Max 12‑core CPU", "gpu": "Apple M2 Max 38‑core GPU", "diagonal": null, "product": 32}}, {"model": "suve_main.storagespecs", "pk": 310, "fields": {"rom": 1024, "ram": 96, "cpu": "Apple M2 Max 12‑core CPU", "gpu": "Apple M2 Max 38‑core GPU", "diagonal": null, "product": 32}}, {"model": "suve_main.storagespecs", "pk": 311, "fields": {"rom": 2048, "ram": 96, "cpu": "Apple M2 Max 12‑core CPU", "gpu": "Apple M2 Max 38‑core GPU", "diagonal": null, "product": 32}}, {"model": "suve_main.storagespecs", "pk": 312, "fields": {"rom": 4096, "ram": 96, "cpu": "Apple M2 Max 12‑core CPU", "gpu": "Apple M2 Max 38‑core GPU", "diagonal": null, "product": 32}}, {"model": "suve_main.storagespecs", "pk": 313, "fields": {"rom": 8192, "ram": 96, "cpu": "Apple M2 Max 12‑core CPU", "gpu": "Apple M2 Max 38‑core GPU", "diagonal": null, "product": 32}}, {"model": "suve_main.storagespecs", "pk": 314, "fields": {"rom": 1024, "ram": 64, "cpu": "Apple M2 Ultra 24‑core CPU", "gpu": "Apple M2 Ultra 60‑core GPU", "diagonal": null, "product": 32}}, {"model": "suve_main.storagespecs", "pk": 315, "fields": {"rom": 2048, "ram": 64, "cpu": "Apple M2 Ultra 24‑core CPU", "gpu": "Apple M2 Ultra 60‑core GPU", "diagonal": null, "product": 32}}, {"model": "suve_main.storagespecs", "pk": 316, "fields": {"rom": 4096, "ram": 64, "cpu": "Apple M2 Ultra 24‑core CPU", "gpu": "Apple M2 Ultra 60‑core GPU", "diagonal": null, "product": 32}}, {"model": "suve_main.storagespecs", "pk": 317, "fields": {"rom": 8192, "ram": 64, "cpu": "Apple M2 Ultra 24‑core CPU", "gpu": "Apple M2 Ultra 60‑core GPU", "diagonal": null, "product": 32}}, {"model": "suve_main.storagespecs", "pk": 318, "fields": {"rom": 1024, "ram": 128, "cpu": "Apple M2 Ultra 24‑core CPU", "gpu": "Apple M2 Ultra 60‑core GPU", "diagonal": null, "product": 32}}, {"model": "suve_main.storagespecs", "pk": 319, "fields": {"rom": 2048, "ram": 128, "cpu": "Apple M2 Ultra 24‑core CPU", "gpu": "Apple M2 Ultra 60‑core GPU", "diagonal": null, "product": 32}}, {"model": "suve_main.storagespecs", "pk": 320, "fields": {"rom": 4096, "ram": 128, "cpu": "Apple M2 Ultra 24‑core CPU", "gpu": "Apple M2 Ultra 60‑core GPU", "diagonal": null, "product": 32}}, {"model": "suve_main.storagespecs", "pk": 321, "fields": {"rom": 8192, "ram": 128, "cpu": "Apple M2 Ultra 24‑core CPU", "gpu": "Apple M2 Ultra 60‑core GPU", "diagonal": null, "product": 32}}, {"model": "suve_main.storagespecs", "pk": 322, "fields": {"rom": 1024, "ram": 192, "cpu": "Apple M2 Ultra 24‑core CPU", "gpu": "Apple M2 Ultra 60‑core GPU", "diagonal": null, "product": 32}}, {"model": "suve_main.storagespecs", "pk": 323, "fields": {"rom": 2048, "ram": 192, "cpu": "Apple M2 Ultra 24‑core CPU", "gpu": "Apple M2 Ultra 60‑core GPU", "diagonal": null, "product": 32}}, {"model": "suve_main.storagespecs", "pk": 324, "fields": {"rom": 4096, "ram": 192, "cpu": "Apple M2 Ultra 24‑core CPU", "gpu": "Apple M2 Ultra 60‑core GPU", "diagonal": null, "product": 32}}, {"model": "suve_main.storagespecs", "pk": 325, "fields": {"rom": 8192, "ram": 192, "cpu": "Apple M2 Ultra 24‑core CPU", "gpu": "Apple M2 Ultra 60‑core GPU", "diagonal": null, "product": 32}}, {"model": "suve_main.storagespecs", "pk": 326, "fields": {"rom": 1024, "ram": 64, "cpu": "Apple M2 Ultra 24‑core CPU", "gpu": "Apple M2 Ultra 76‑core GPU", "diagonal": null, "product": 32}}, {"model": "suve_main.storagespecs", "pk": 327, "fields": {"rom": 2048, "ram": 64, "cpu": "Apple M2 Ultra 24‑core CPU", "gpu": "Apple M2 Ultra 76‑core GPU", "diagonal": null, "product": 32}}, {"model": "suve_main.storagespecs", "pk": 328, "fields": {"rom": 4096, "ram": 64, "cpu": "Apple M2 Ultra 24‑core CPU", "gpu": "Apple M2 Ultra 76‑core GPU", "diagonal": null, "product": 32}}, {"model": "suve_main.storagespecs", "pk": 329, "fields": {"rom": 8192, "ram": 64, "cpu": "Apple M2 Ultra 24‑core CPU", "gpu": "Apple M2 Ultra 76‑core GPU", "diagonal": null, "product": 32}}, {"model": "suve_main.storagespecs", "pk": 330, "fields": {"rom": 1024, "ram": 128, "cpu": "Apple M2 Ultra 24‑core CPU", "gpu": "Apple M2 Ultra 76‑core GPU", "diagonal": null, "product": 32}}, {"model": "suve_main.storagespecs", "pk": 331, "fields": {"rom": 2048, "ram": 128, "cpu": "Apple M2 Ultra 24‑core CPU", "gpu": "Apple M2 Ultra 76‑core GPU", "diagonal": null, "product": 32}}, {"model": "suve_main.storagespecs", "pk": 332, "fields": {"rom": 4096, "ram": 128, "cpu": "Apple M2 Ultra 24‑core CPU", "gpu": "Apple M2 Ultra 76‑core GPU", "diagonal": null, "product": 32}}, {"model": "suve_main.storagespecs", "pk": 333, "fields": {"rom": 8192, "ram": 128, "cpu": "Apple M2 Ultra 24‑core CPU", "gpu": "Apple M2 Ultra 76‑core GPU", "diagonal": null, "product": 32}}, {"model": "suve_main.storagespecs", "pk": 334, "fields": {"rom": 1024, "ram": 192, "cpu": "Apple M2 Ultra 24‑core CPU", "gpu": "Apple M2 Ultra 76‑core GPU", "diagonal": null, "product": 32}}, {"model": "suve_main.storagespecs", "pk": 335, "fields": {"rom": 2048, "ram": 192, "cpu": "Apple M2 Ultra 24‑core CPU", "gpu": "Apple M2 Ultra 76‑core GPU", "diagonal": null, "product": 32}}, {"model": "suve_main.storagespecs", "pk": 336, "fields": {"rom": 4096, "ram": 192, "cpu": "Apple M2 Ultra 24‑core CPU", "gpu": "Apple M2 Ultra 76‑core GPU", "diagonal": null, "product": 32}}, {"model": "suve_main.storagespecs", "pk": 337, "fields": {"rom": 8192, "ram": 192, "cpu": "Apple M2 Ultra 24‑core CPU", "gpu": "Apple M2 Ultra 76‑core GPU", "diagonal": null, "product": 32}}, {"model": "suve_main.storagespecs", "pk": 338, "fields": {"rom": 256, "ram": 8, "cpu": "Apple M2 8‑core CPU", "gpu": "Apple M2 10‑core GPU", "diagonal": null, "product": 33}}, {"model": "suve_main.storagespecs", "pk": 339, "fields": {"rom": 512, "ram": 8, "cpu": "Apple M2 8‑core CPU", "gpu": "Apple M2 10‑core GPU", "diagonal": null, "product": 33}}, {"model": "suve_main.storagespecs", "pk": 340, "fields": {"rom": 1024, "ram": 8, "cpu": "Apple M2 8‑core CPU", "gpu": "Apple M2 10‑core GPU", "diagonal": null, "product": 33}}, {"model": "suve_main.storagespecs", "pk": 341, "fields": {"rom": 2048, "ram": 8, "cpu": "Apple M2 8‑core CPU", "gpu": "Apple M2 10‑core GPU", "diagonal": null, "product": 33}}, {"model": "suve_main.storagespecs", "pk": 342, "fields": {"rom": 256, "ram": 16, "cpu": "Apple M2 8‑core CPU", "gpu": "Apple M2 10‑core GPU", "diagonal": null, "product": 33}}, {"model": "suve_main.storagespecs", "pk": 343, "fields": {"rom": 512, "ram": 16, "cpu": "Apple M2 8‑core CPU", "gpu": "Apple M2 10‑core GPU", "diagonal": null, "product": 33}}, {"model": "suve_main.storagespecs", "pk": 344, "fields": {"rom": 1024, "ram": 16, "cpu": "Apple M2 8‑core CPU", "gpu": "Apple M2 10‑core GPU", "diagonal": null, "product": 33}}, {"model": "suve_main.storagespecs", "pk": 345, "fields": {"rom": 2048, "ram": 16, "cpu": "Apple M2 8‑core CPU", "gpu": "Apple M2 10‑core GPU", "diagonal": null, "product": 33}}, {"model": "suve_main.storagespecs", "pk": 346, "fields": {"rom": 256, "ram": 24, "cpu": "Apple M2 8‑core CPU", "gpu": "Apple M2 10‑core GPU", "diagonal": null, "product": 33}}, {"model": "suve_main.storagespecs", "pk": 347, "fields": {"rom": 512, "ram": 24, "cpu": "Apple M2 8‑core CPU", "gpu": "Apple M2 10‑core GPU", "diagonal": null, "product": 33}}, {"model": "suve_main.storagespecs", "pk": 348, "fields": {"rom": 1024, "ram": 24, "cpu": "Apple M2 8‑core CPU", "gpu": "Apple M2 10‑core GPU", "diagonal": null, "product": 33}}, {"model": "suve_main.storagespecs", "pk": 349, "fields": {"rom": 2048, "ram": 24, "cpu": "Apple M2 8‑core CPU", "gpu": "Apple M2 10‑core GPU", "diagonal": null, "product": 33}}, {"model": "suve_main.storagespecs", "pk": 350, "fields": {"rom": 256, "ram": 16, "cpu": "Apple M2 8‑core CPU", "gpu": "Apple M2 10‑core GPU", "diagonal": null, "product": 34}}, {"model": "suve_main.storagespecs", "pk": 351, "fields": {"rom": 512, "ram": 16, "cpu": "Apple M2 8‑core CPU", "gpu": "Apple M2 10‑core GPU", "diagonal": null, "product": 34}}, {"model": "suve_main.storagespecs", "pk": 352, "fields": {"rom": 1024, "ram": 16, "cpu": "Apple M2 8‑core CPU", "gpu": "Apple M2 10‑core GPU", "diagonal": null, "product": 34}}, {"model": "suve_main.watchspecs", "pk": 1, "fields": {"size": 49, "material": "Titanium", "connectivity": "GPS + Cellular", "product": 35}}, {"model": "suve_main.watchspecs", "pk": 2, "fields": {"size": 41, "material": "Aluminum", "connectivity": "GPS", "product": 36}}, {"model": "suve_main.watchspecs", "pk": 3, "fields": {"size": 41, "material": "Aluminum", "connectivity": "GPS + Cellular", "product": 36}}, {"model": "suve_main.watchspecs", "pk": 4, "fields": {"size": 45, "material": "Aluminum", "connectivity": "GPS", "product": 36}}, {"model": "suve_main.watchspecs", "pk": 5, "fields": {"size": 45, "material": "Aluminum", "connectivity": "GPS + Cellular", "product": 36}}, {"model": "suve_main.watchspecs", "pk": 6, "fields": {"size": 41, "material": "Stainless Steel", "connectivity": "GPS + Cellular", "product": 36}}, {"model": "suve_main.watchspecs", "pk": 7, "fields": {"size": 45, "material": "Stainless Steel", "connectivity": "GPS + Cellular", "product": 36}}, {"model": "suve_main.watchspecs", "pk": 8, "fields": {"size": 40, "material": "Aluminum", "connectivity": "GPS", "product": 37}}, {"model": "suve_main.watchspecs", "pk": 9, "fields": {"size": 40, "material": "Aluminum", "connectivity": "GPS + Cellular", "product": 37}}, {"model": "suve_main.watchspecs", "pk": 10, "fields": {"size": 44, "material": "Aluminum", "connectivity": "GPS", "product": 37}}, {"model": "suve_main.watchspecs", "pk": 11, "fields": {"size": 44, "material": "Aluminum", "connectivity": "GPS + Cellular", "product": 37}}, {"model": "suve_main.watchspecs", "pk": 12, "fields": {"size": 47, "material": "Titanium", "connectivity": "Wifi + 4G LTE", "product": 38}}, {"model": "suve_main.watchspecs", "pk": 13, "fields": {"size": 40, "material": "Aluminum", "connectivity": "Wifi", "product": 39}}, {"model": "suve_main.watchspecs", "pk": 14, "fields": {"size": 40, "material": "Aluminum", "connectivity": "Wifi + 4G LTE", "product": 39}}, {"model": "suve_main.watchspecs", "pk": 15, "fields": {"size": 44, "material": "Aluminum", "connectivity": "Wifi", "product": 39}}, {"model": "suve_main.watchspecs", "pk": 16, "fields": {"size": 44, "material": "Aluminum", "connectivity": "Wifi + 4G LTE", "product": 39}}, {"model": "suve_main.watchspecs", "pk": 17, "fields": {"size": 40, "material": "Aluminum", "connectivity": "Wifi", "product": 40}}, {"model": "suve_main.carspecs", "pk": 2, "fields": {"type": "All-Wheel Drive", "extra_options": false, "product": 47}}, {"model": "suve_main.carspecs", "pk": 3, "fields": {"type": "Cyberbeast", "extra_options": false, "product": 47}}, {"model": "suve_main.carspecs", "pk": 4, "fields": {"type": "All-Wheel Drive", "extra_options": false, "product": 48}}, {"model": "suve_main.carspecs", "pk": 5, "fields": {"type": "All-Wheel Drive", "extra_options": true, "product": 48}}, {"model": "suve_main.carspecs", "pk": 6, "fields": {"type": "Plaid", "extra_options": false, "product": 48}}, {"model": "suve_main.carspecs", "pk": 7, "fields": {"type": "Plaid", "extra_options": true, "product": 48}}, {"model": "suve_main.carspecs", "pk": 8, "fields": {"type": "All-Wheel Drive", "extra_options": false, "product": 49}}, {"model": "suve_main.carspecs", "pk": 9, "fields": {"type": "All-Wheel Drive", "extra_options": true, "product": 49}}, {"model": "suve_main.carspecs", "pk": 10, "fields": {"type": "Plaid", "extra_options": false, "product": 49}}, {"model": "suve_main.carspecs", "pk": 11, "fields": {"type": "Plaid", "extra_options": true, "product": 49}}, {"model": "suve_main.carspecs", "pk": 12, "fields": {"type": "Rear-Wheel Drive", "extra_options": false, "product": 50}}, {"model": "suve_main.carspecs", "pk": 13, "fields": {"type": "Rear-Wheel Drive", "extra_options": true, "product": 50}}, {"model": "suve_main.carspecs", "pk": 14, "fields": {"type": "Long Range Rear-Wheel Drive", "extra_options": false, "product": 50}}, {"model": "suve_main.carspecs", "pk": 15, "fields": {"type": "Long Range Rear-Wheel Drive", "extra_options": true, "product": 50}}, {"model": "suve_main.carspecs", "pk": 16, "fields": {"type": "Long Range All-Wheel Drive", "extra_options": false, "product": 50}}, {"model": "suve_main.carspecs", "pk": 17, "fields": {"type": "Long Range All-Wheel Drive", "extra_options": true, "product": 50}}, {"model": "suve_main.carspecs", "pk": 18, "fields": {"type": "Perfomance All-Wheel Drive", "extra_options": false, "product": 50}}, {"model": "suve_main.carspecs", "pk": 19, "fields": {"type": "Perfomance All-Wheel Drive", "extra_options": true, "product": 50}}, {"model": "suve_main.carspecs", "pk": 20, "fields": {"type": "Long Range Rear-Wheel Drive", "extra_options": false, "product": 51}}, {"model": "suve_main.carspecs", "pk": 21, "fields": {"type": "Long Range Rear-Wheel Drive", "extra_options": true, "product": 51}}, {"model": "suve_main.carspecs", "pk": 22, "fields": {"type": "Long Range All-Wheel Drive", "extra_options": false, "product": 51}}, {"model": "suve_main.carspecs", "pk": 23, "fields": {"type": "Long Range All-Wheel Drive", "extra_options": true, "product": 51}}, {"model": "suve_main.carspecs", "pk": 24, "fields": {"type": "Perfomance All-Wheel Drive", "extra_options": false, "product": 51}}, {"model": "suve_main.carspecs", "pk": 25, "fields": {"type": "Perfomance All-Wheel Drive", "extra_options": true, "product": 51}}, {"model": "suve_main.productprice", "pk": 1, "fields": {"product": 1, "storage_spec": 1, "watch_spec": null, "car_spec": null, "price": 999}}, {"model": "suve_main.productprice", "pk": 2, "fields": {"product": 1, "storage_spec": 2, "watch_spec": null, "car_spec": null, "price": 1099}}, {"model": "suve_main.productprice", "pk": 3, "fields": {"product": 1, "storage_spec": 3, "watch_spec": null, "car_spec": null, "price": 1299}}, {"model": "suve_main.productprice", "pk": 4, "fields": {"product": 1, "storage_spec": 4, "watch_spec": null, "car_spec": null, "price": 1499}}, {"model": "suve_main.productprice", "pk": 5, "fields": {"product": 2, "storage_spec": 5, "watch_spec": null, "car_spec": null, "price": 1199}}, {"model": "suve_main.productprice", "pk": 6, "fields": {"product": 2, "storage_spec": 6, "watch_spec": null, "car_spec": null, "price": 1399}}, {"model": "suve_main.productprice", "pk": 7, "fields": {"product": 2, "storage_spec": 7, "watch_spec": null, "car_spec": null, "price": 1599}}, {"model": "suve_main.productprice", "pk": 8, "fields": {"product": 3, "storage_spec": 8, "watch_spec": null, "car_spec": null, "price": 799}}, {"model": "suve_main.productprice", "pk": 9, "fields": {"product": 3, "storage_spec": 9, "watch_spec": null, "car_spec": null, "price": 899}}, {"model": "suve_main.productprice", "pk": 10, "fields": {"product": 3, "storage_spec": 10, "watch_spec": null, "car_spec": null, "price": 1099}}, {"model": "suve_main.productprice", "pk": 11, "fields": {"product": 4, "storage_spec": 11, "watch_spec": null, "car_spec": null, "price": 899}}, {"model": "suve_main.productprice", "pk": 12, "fields": {"product": 4, "storage_spec": 12, "watch_spec": null, "car_spec": null, "price": 999}}, {"model": "suve_main.productprice", "pk": 13, "fields": {"product": 4, "storage_spec": 13, "watch_spec": null, "car_spec": null, "price": 1199}}, {"model": "suve_main.productprice", "pk": 14, "fields": {"product": 5, "storage_spec": 14, "watch_spec": null, "car_spec": null, "price": 699}}, {"model": "suve_main.productprice", "pk": 15, "fields": {"product": 5, "storage_spec": 15, "watch_spec": null, "car_spec": null, "price": 799}}, {"model": "suve_main.productprice", "pk": 16, "fields": {"product": 5, "storage_spec": 16, "watch_spec": null, "car_spec": null, "price": 999}}, {"model": "suve_main.productprice", "pk": 17, "fields": {"product": 6, "storage_spec": 17, "watch_spec": null, "car_spec": null, "price": 429}}, {"model": "suve_main.productprice", "pk": 18, "fields": {"product": 6, "storage_spec": 18, "watch_spec": null, "car_spec": null, "price": 479}}, {"model": "suve_main.productprice", "pk": 19, "fields": {"product": 6, "storage_spec": 19, "watch_spec": null, "car_spec": null, "price": 579}}, {"model": "suve_main.productprice", "pk": 20, "fields": {"product": 7, "storage_spec": 20, "watch_spec": null, "car_spec": null, "price": 1900}}, {"model": "suve_main.productprice", "pk": 21, "fields": {"product": 7, "storage_spec": 21, "watch_spec": null, "car_spec": null, "price": 2020}}, {"model": "suve_main.productprice", "pk": 22, "fields": {"product": 7, "storage_spec": 22, "watch_spec": null, "car_spec": null, "price": 2260}}, {"model": "suve_main.productprice", "pk": 23, "fields": {"product": 8, "storage_spec": 23, "watch_spec": null, "car_spec": null, "price": 1100}}, {"model": "suve_main.productprice", "pk": 24, "fields": {"product": 8, "storage_spec": 24, "watch_spec": null, "car_spec": null, "price": 1220}}, {"model": "suve_main.productprice", "pk": 25, "fields": {"product": 9, "storage_spec": 25, "watch_spec": null, "car_spec": null, "price": 1300}}, {"model": "suve_main.productprice", "pk": 26, "fields": {"product": 9, "storage_spec": 26, "watch_spec": null, "car_spec": null, "price": 1420}}, {"model": "suve_main.productprice", "pk": 27, "fields": {"product": 9, "storage_spec": 27, "watch_spec": null, "car_spec": null, "price": 1660}}, {"model": "suve_main.productprice", "pk": 28, "fields": {"product": 10, "storage_spec": 28, "watch_spec": null, "car_spec": null, "price": 1000}}, {"model": "suve_main.productprice", "pk": 29, "fields": {"product": 10, "storage_spec": 29, "watch_spec": null, "car_spec": null, "price": 1120}}, {"model": "suve_main.productprice", "pk": 30, "fields": {"product": 11, "storage_spec": 30, "watch_spec": null, "car_spec": null, "price": 800}}, {"model": "suve_main.productprice", "pk": 31, "fields": {"product": 11, "storage_spec": 31, "watch_spec": null, "car_spec": null, "price": 860}}, {"model": "suve_main.productprice", "pk": 32, "fields": {"product": 12, "storage_spec": 32, "watch_spec": null, "car_spec": null, "price": 630}}, {"model": "suve_main.productprice", "pk": 33, "fields": {"product": 12, "storage_spec": 33, "watch_spec": null, "car_spec": null, "price": 690}}, {"model": "suve_main.productprice", "pk": 34, "fields": {"product": 13, "storage_spec": 34, "watch_spec": null, "car_spec": null, "price": 999}}, {"model": "suve_main.productprice", "pk": 35, "fields": {"product": 13, "storage_spec": 35, "watch_spec": null, "car_spec": null, "price": 1199}}, {"model": "suve_main.productprice", "pk": 36, "fields": {"product": 13, "storage_spec": 36, "watch_spec": null, "car_spec": null, "price": 1599}}, {"model": "suve_main.productprice", "pk": 37, "fields": {"product": 13, "storage_spec": 37, "watch_spec": null, "car_spec": null, "price": 1999}}, {"model": "suve_main.productprice", "pk": 38, "fields": {"product": 13, "storage_spec": 38, "watch_spec": null, "car_spec": null, "price": 1299}}, {"model": "suve_main.productprice", "pk": 39, "fields": {"product": 13, "storage_spec": 39, "watch_spec": null, "car_spec": null, "price": 1499}}, {"model": "suve_main.productprice", "pk": 40, "fields": {"product": 13, "storage_spec": 40, "watch_spec": null, "car_spec": null, "price": 1899}}, {"model": "suve_main.productprice", "pk": 41, "fields": {"product": 13, "storage_spec": 41, "watch_spec": null, "car_spec": null, "price": 2299}}, {"model": "suve_main.productprice", "pk": 42, "fields": {"product": 14, "storage_spec": 42, "watch_spec": null, "car_spec": null, "price": 599}}, {"model": "suve_main.productprice", "pk": 43, "fields": {"product": 14, "storage_spec": 43, "watch_spec": null, "car_spec": null, "price": 699}}, {"model": "suve_main.productprice", "pk": 44, "fields": {"product": 14, "storage_spec": 44, "watch_spec": null, "car_spec": null, "price": 899}}, {"model": "suve_main.productprice", "pk": 45, "fields": {"product": 14, "storage_spec": 45, "watch_spec": null, "car_spec": null, "price": 1099}}, {"model": "suve_main.productprice", "pk": 46, "fields": {"product": 14, "storage_spec": 46, "watch_spec": null, "car_spec": null, "price": 799}}, {"model": "suve_main.productprice", "pk": 47, "fields": {"product": 14, "storage_spec": 47, "watch_spec": null, "car_spec": null, "price": 899}}, {"model": "suve_main.productprice", "pk": 48, "fields": {"product": 14, "storage_spec": 48, "watch_spec": null, "car_spec": null, "price": 1099}}, {"model": "suve_main.productprice", "pk": 49, "fields": {"product": 14, "storage_spec": 49, "watch_spec": null, "car_spec": null, "price": 1299}}, {"model": "suve_main.productprice", "pk": 50, "fields": {"product": 15, "storage_spec": 50, "watch_spec": null, "car_spec": null, "price": 349}}, {"model": "suve_main.productprice", "pk": 51, "fields": {"product": 15, "storage_spec": 51, "watch_spec": null, "car_spec": null, "price": 499}}, {"model": "suve_main.productprice", "pk": 52, "fields": {"product": 16, "storage_spec": 52, "watch_spec": null, "car_spec": null, "price": 499}}, {"model": "suve_main.productprice", "pk": 53, "fields": {"product": 16, "storage_spec": 53, "watch_spec": null, "car_spec": null, "price": 649}}, {"model": "suve_main.productprice", "pk": 54, "fields": {"product": 17, "storage_spec": 54, "watch_spec": null, "car_spec": null, "price": 1200}}, {"model": "suve_main.productprice", "pk": 55, "fields": {"product": 17, "storage_spec": 55, "watch_spec": null, "car_spec": null, "price": 1320}}, {"model": "suve_main.productprice", "pk": 56, "fields": {"product": 17, "storage_spec": 56, "watch_spec": null, "car_spec": null, "price": 1620}}, {"model": "suve_main.productprice", "pk": 57, "fields": {"product": 18, "storage_spec": 57, "watch_spec": null, "car_spec": null, "price": 1000}}, {"model": "suve_main.productprice", "pk": 58, "fields": {"product": 18, "storage_spec": 58, "watch_spec": null, "car_spec": null, "price": 1120}}, {"model": "suve_main.productprice", "pk": 59, "fields": {"product": 19, "storage_spec": 59, "watch_spec": null, "car_spec": null, "price": 800}}, {"model": "suve_main.productprice", "pk": 60, "fields": {"product": 19, "storage_spec": 60, "watch_spec": null, "car_spec": null, "price": 920}}, {"model": "suve_main.productprice", "pk": 61, "fields": {"product": 20, "storage_spec": 61, "watch_spec": null, "car_spec": null, "price": 600}}, {"model": "suve_main.productprice", "pk": 62, "fields": {"product": 20, "storage_spec": 62, "watch_spec": null, "car_spec": null, "price": 700}}, {"model": "suve_main.productprice", "pk": 63, "fields": {"product": 21, "storage_spec": 63, "watch_spec": null, "car_spec": null, "price": 450}}, {"model": "suve_main.productprice", "pk": 64, "fields": {"product": 21, "storage_spec": 64, "watch_spec": null, "car_spec": null, "price": 520}}, {"model": "suve_main.productprice", "pk": 65, "fields": {"product": 22, "storage_spec": 65, "watch_spec": null, "car_spec": null, "price": 1599}}, {"model": "suve_main.productprice", "pk": 66, "fields": {"product": 22, "storage_spec": 66, "watch_spec": null, "car_spec": null, "price": 1799}}, {"model": "suve_main.productprice", "pk": 67, "fields": {"product": 22, "storage_spec": 67, "watch_spec": null, "car_spec": null, "price": 2199}}, {"model": "suve_main.productprice", "pk": 68, "fields": {"product": 22, "storage_spec": 68, "watch_spec": null, "car_spec": null, "price": 1799}}, {"model": "suve_main.productprice", "pk": 69, "fields": {"product": 22, "storage_spec": 69, "watch_spec": null, "car_spec": null, "price": 1999}}, {"model": "suve_main.productprice", "pk": 70, "fields": {"product": 22, "storage_spec": 70, "watch_spec": null, "car_spec": null, "price": 2399}}, {"model": "suve_main.productprice", "pk": 71, "fields": {"product": 22, "storage_spec": 71, "watch_spec": null, "car_spec": null, "price": 1999}}, {"model": "suve_main.productprice", "pk": 72, "fields": {"product": 22, "storage_spec": 72, "watch_spec": null, "car_spec": null, "price": 2199}}, {"model": "suve_main.productprice", "pk": 73, "fields": {"product": 22, "storage_spec": 73, "watch_spec": null, "car_spec": null, "price": 2599}}, {"model": "suve_main.productprice", "pk": 74, "fields": {"product": 22, "storage_spec": 74, "watch_spec": null, "car_spec": null, "price": 1999}}, {"model": "suve_main.productprice", "pk": 75, "fields": {"product": 22, "storage_spec": 75, "watch_spec": null, "car_spec": null, "price": 2199}}, {"model": "suve_main.productprice", "pk": 76, "fields": {"product": 22, "storage_spec": 76, "watch_spec": null, "car_spec": null, "price": 2599}}, {"model": "suve_main.productprice", "pk": 77, "fields": {"product": 22, "storage_spec": 77, "watch_spec": null, "car_spec": null, "price": 3199}}, {"model": "suve_main.productprice", "pk": 78, "fields": {"product": 22, "storage_spec": 78, "watch_spec": null, "car_spec": null, "price": 2399}}, {"model": "suve_main.productprice", "pk": 79, "fields": {"product": 22, "storage_spec": 79, "watch_spec": null, "car_spec": null, "price": 2599}}, {"model": "suve_main.productprice", "pk": 80, "fields": {"product": 22, "storage_spec": 80, "watch_spec": null, "car_spec": null, "price": 2999}}, {"model": "suve_main.productprice", "pk": 81, "fields": {"product": 22, "storage_spec": 81, "watch_spec": null, "car_spec": null, "price": 3599}}, {"model": "suve_main.productprice", "pk": 82, "fields": {"product": 22, "storage_spec": 82, "watch_spec": null, "car_spec": null, "price": 2199}}, {"model": "suve_main.productprice", "pk": 83, "fields": {"product": 22, "storage_spec": 83, "watch_spec": null, "car_spec": null, "price": 2399}}, {"model": "suve_main.productprice", "pk": 84, "fields": {"product": 22, "storage_spec": 84, "watch_spec": null, "car_spec": null, "price": 2799}}, {"model": "suve_main.productprice", "pk": 85, "fields": {"product": 22, "storage_spec": 85, "watch_spec": null, "car_spec": null, "price": 3399}}, {"model": "suve_main.productprice", "pk": 86, "fields": {"product": 22, "storage_spec": 86, "watch_spec": null, "car_spec": null, "price": 2599}}, {"model": "suve_main.productprice", "pk": 87, "fields": {"product": 22, "storage_spec": 87, "watch_spec": null, "car_spec": null, "price": 2799}}, {"model": "suve_main.productprice", "pk": 88, "fields": {"product": 22, "storage_spec": 88, "watch_spec": null, "car_spec": null, "price": 3199}}, {"model": "suve_main.productprice", "pk": 89, "fields": {"product": 22, "storage_spec": 89, "watch_spec": null, "car_spec": null, "price": 3799}}, {"model": "suve_main.productprice", "pk": 90, "fields": {"product": 22, "storage_spec": 90, "watch_spec": null, "car_spec": null, "price": 2499}}, {"model": "suve_main.productprice", "pk": 91, "fields": {"product": 22, "storage_spec": 91, "watch_spec": null, "car_spec": null, "price": 2699}}, {"model": "suve_main.productprice", "pk": 92, "fields": {"product": 22, "storage_spec": 92, "watch_spec": null, "car_spec": null, "price": 3099}}, {"model": "suve_main.productprice", "pk": 93, "fields": {"product": 22, "storage_spec": 93, "watch_spec": null, "car_spec": null, "price": 3699}}, {"model": "suve_main.productprice", "pk": 94, "fields": {"product": 22, "storage_spec": 94, "watch_spec": null, "car_spec": null, "price": 2899}}, {"model": "suve_main.productprice", "pk": 95, "fields": {"product": 22, "storage_spec": 95, "watch_spec": null, "car_spec": null, "price": 3099}}, {"model": "suve_main.productprice", "pk": 96, "fields": {"product": 22, "storage_spec": 96, "watch_spec": null, "car_spec": null, "price": 3499}}, {"model": "suve_main.productprice", "pk": 97, "fields": {"product": 22, "storage_spec": 97, "watch_spec": null, "car_spec": null, "price": 4099}}, {"model": "suve_main.productprice", "pk": 98, "fields": {"product": 22, "storage_spec": 99, "watch_spec": null, "car_spec": null, "price": 3199}}, {"model": "suve_main.productprice", "pk": 99, "fields": {"product": 22, "storage_spec": 100, "watch_spec": null, "car_spec": null, "price": 3599}}, {"model": "suve_main.productprice", "pk": 100, "fields": {"product": 22, "storage_spec": 101, "watch_spec": null, "car_spec": null, "price": 4199}}, {"model": "suve_main.productprice", "pk": 101, "fields": {"product": 22, "storage_spec": 102, "watch_spec": null, "car_spec": null, "price": 5399}}, {"model": "suve_main.productprice", "pk": 102, "fields": {"product": 22, "storage_spec": 104, "watch_spec": null, "car_spec": null, "price": 3999}}, {"model": "suve_main.productprice", "pk": 103, "fields": {"product": 22, "storage_spec": 105, "watch_spec": null, "car_spec": null, "price": 4399}}, {"model": "suve_main.productprice", "pk": 104, "fields": {"product": 22, "storage_spec": 106, "watch_spec": null, "car_spec": null, "price": 4999}}, {"model": "suve_main.productprice", "pk": 105, "fields": {"product": 22, "storage_spec": 107, "watch_spec": null, "car_spec": null, "price": 6199}}, {"model": "suve_main.productprice", "pk": 106, "fields": {"product": 22, "storage_spec": 109, "watch_spec": null, "car_spec": null, "price": 3499}}, {"model": "suve_main.productprice", "pk": 107, "fields": {"product": 22, "storage_spec": 110, "watch_spec": null, "car_spec": null, "price": 3899}}, {"model": "suve_main.productprice", "pk": 108, "fields": {"product": 22, "storage_spec": 111, "watch_spec": null, "car_spec": null, "price": 4499}}, {"model": "suve_main.productprice", "pk": 109, "fields": {"product": 22, "storage_spec": 112, "watch_spec": null, "car_spec": null, "price": 5699}}, {"model": "suve_main.productprice", "pk": 110, "fields": {"product": 22, "storage_spec": 114, "watch_spec": null, "car_spec": null, "price": 4299}}, {"model": "suve_main.productprice", "pk": 111, "fields": {"product": 22, "storage_spec": 115, "watch_spec": null, "car_spec": null, "price": 4699}}, {"model": "suve_main.productprice", "pk": 112, "fields": {"product": 22, "storage_spec": 116, "watch_spec": null, "car_spec": null, "price": 5299}}, {"model": "suve_main.productprice", "pk": 113, "fields": {"product": 22, "storage_spec": 117, "watch_spec": null, "car_spec": null, "price": 6499}}, {"model": "suve_main.productprice", "pk": 114, "fields": {"product": 22, "storage_spec": 119, "watch_spec": null, "car_spec": null, "price": 3699}}, {"model": "suve_main.productprice", "pk": 115, "fields": {"product": 22, "storage_spec": 120, "watch_spec": null, "car_spec": null, "price": 4099}}, {"model": "suve_main.productprice", "pk": 116, "fields": {"product": 22, "storage_spec": 121, "watch_spec": null, "car_spec": null, "price": 4699}}, {"model": "suve_main.productprice", "pk": 117, "fields": {"product": 22, "storage_spec": 122, "watch_spec": null, "car_spec": null, "price": 5899}}, {"model": "suve_main.productprice", "pk": 118, "fields": {"product": 22, "storage_spec": 124, "watch_spec": null, "car_spec": null, "price": 3899}}, {"model": "suve_main.productprice", "pk": 119, "fields": {"product": 22, "storage_spec": 125, "watch_spec": null, "car_spec": null, "price": 4299}}, {"model": "suve_main.productprice", "pk": 120, "fields": {"product": 22, "storage_spec": 126, "watch_spec": null, "car_spec": null, "price": 4899}}, {"model": "suve_main.productprice", "pk": 121, "fields": {"product": 22, "storage_spec": 127, "watch_spec": null, "car_spec": null, "price": 6099}}, {"model": "suve_main.productprice", "pk": 122, "fields": {"product": 22, "storage_spec": 129, "watch_spec": null, "car_spec": null, "price": 4699}}, {"model": "suve_main.productprice", "pk": 123, "fields": {"product": 22, "storage_spec": 130, "watch_spec": null, "car_spec": null, "price": 5099}}, {"model": "suve_main.productprice", "pk": 124, "fields": {"product": 22, "storage_spec": 131, "watch_spec": null, "car_spec": null, "price": 5699}}, {"model": "suve_main.productprice", "pk": 125, "fields": {"product": 22, "storage_spec": 132, "watch_spec": null, "car_spec": null, "price": 6899}}, {"model": "suve_main.productprice", "pk": 126, "fields": {"product": 22, "storage_spec": 134, "watch_spec": null, "car_spec": null, "price": 3999}}, {"model": "suve_main.productprice", "pk": 127, "fields": {"product": 22, "storage_spec": 135, "watch_spec": null, "car_spec": null, "price": 4399}}, {"model": "suve_main.productprice", "pk": 128, "fields": {"product": 22, "storage_spec": 136, "watch_spec": null, "car_spec": null, "price": 4999}}, {"model": "suve_main.productprice", "pk": 129, "fields": {"product": 22, "storage_spec": 137, "watch_spec": null, "car_spec": null, "price": 6199}}, {"model": "suve_main.productprice", "pk": 130, "fields": {"product": 22, "storage_spec": 139, "watch_spec": null, "car_spec": null, "price": 4199}}, {"model": "suve_main.productprice", "pk": 131, "fields": {"product": 22, "storage_spec": 140, "watch_spec": null, "car_spec": null, "price": 4599}}, {"model": "suve_main.productprice", "pk": 132, "fields": {"product": 22, "storage_spec": 141, "watch_spec": null, "car_spec": null, "price": 5199}}, {"model": "suve_main.productprice", "pk": 133, "fields": {"product": 22, "storage_spec": 142, "watch_spec": null, "car_spec": null, "price": 6399}}, {"model": "suve_main.productprice", "pk": 134, "fields": {"product": 22, "storage_spec": 144, "watch_spec": null, "car_spec": null, "price": 4999}}, {"model": "suve_main.productprice", "pk": 135, "fields": {"product": 22, "storage_spec": 145, "watch_spec": null, "car_spec": null, "price": 5399}}, {"model": "suve_main.productprice", "pk": 136, "fields": {"product": 22, "storage_spec": 146, "watch_spec": null, "car_spec": null, "price": 5999}}, {"model": "suve_main.productprice", "pk": 137, "fields": {"product": 22, "storage_spec": 147, "watch_spec": null, "car_spec": null, "price": 7199}}, {"model": "suve_main.productprice", "pk": 170, "fields": {"product": 23, "storage_spec": 183, "watch_spec": null, "car_spec": null, "price": 999}}, {"model": "suve_main.productprice", "pk": 171, "fields": {"product": 23, "storage_spec": 184, "watch_spec": null, "car_spec": null, "price": 1099}}, {"model": "suve_main.productprice", "pk": 172, "fields": {"product": 23, "storage_spec": 185, "watch_spec": null, "car_spec": null, "price": 1199}}, {"model": "suve_main.productprice", "pk": 173, "fields": {"product": 23, "storage_spec": 186, "watch_spec": null, "car_spec": null, "price": 1399}}, {"model": "suve_main.productprice", "pk": 174, "fields": {"product": 23, "storage_spec": 187, "watch_spec": null, "car_spec": null, "price": 1799}}, {"model": "suve_main.productprice", "pk": 175, "fields": {"product": 23, "storage_spec": 188, "watch_spec": null, "car_spec": null, "price": 1199}}, {"model": "suve_main.productprice", "pk": 176, "fields": {"product": 23, "storage_spec": 189, "watch_spec": null, "car_spec": null, "price": 1399}}, {"model": "suve_main.productprice", "pk": 177, "fields": {"product": 23, "storage_spec": 190, "watch_spec": null, "car_spec": null, "price": 1599}}, {"model": "suve_main.productprice", "pk": 178, "fields": {"product": 23, "storage_spec": 191, "watch_spec": null, "car_spec": null, "price": 1999}}, {"model": "suve_main.productprice", "pk": 179, "fields": {"product": 23, "storage_spec": 192, "watch_spec": null, "car_spec": null, "price": 1399}}, {"model": "suve_main.productprice", "pk": 180, "fields": {"product": 23, "storage_spec": 193, "watch_spec": null, "car_spec": null, "price": 1599}}, {"model": "suve_main.productprice", "pk": 181, "fields": {"product": 23, "storage_spec": 194, "watch_spec": null, "car_spec": null, "price": 1799}}, {"model": "suve_main.productprice", "pk": 182, "fields": {"product": 23, "storage_spec": 195, "watch_spec": null, "car_spec": null, "price": 2199}}, {"model": "suve_main.productprice", "pk": 183, "fields": {"product": 23, "storage_spec": 196, "watch_spec": null, "car_spec": null, "price": 1099}}, {"model": "suve_main.productprice", "pk": 184, "fields": {"product": 23, "storage_spec": 197, "watch_spec": null, "car_spec": null, "price": 1199}}, {"model": "suve_main.productprice", "pk": 185, "fields": {"product": 23, "storage_spec": 198, "watch_spec": null, "car_spec": null, "price": 1299}}, {"model": "suve_main.productprice", "pk": 186, "fields": {"product": 23, "storage_spec": 199, "watch_spec": null, "car_spec": null, "price": 1499}}, {"model": "suve_main.productprice", "pk": 187, "fields": {"product": 23, "storage_spec": 200, "watch_spec": null, "car_spec": null, "price": 1899}}, {"model": "suve_main.productprice", "pk": 188, "fields": {"product": 23, "storage_spec": 201, "watch_spec": null, "car_spec": null, "price": 1299}}, {"model": "suve_main.productprice", "pk": 189, "fields": {"product": 23, "storage_spec": 202, "watch_spec": null, "car_spec": null, "price": 1499}}, {"model": "suve_main.productprice", "pk": 190, "fields": {"product": 23, "storage_spec": 203, "watch_spec": null, "car_spec": null, "price": 1699}}, {"model": "suve_main.productprice", "pk": 191, "fields": {"product": 23, "storage_spec": 204, "watch_spec": null, "car_spec": null, "price": 2099}}, {"model": "suve_main.productprice", "pk": 192, "fields": {"product": 23, "storage_spec": 205, "watch_spec": null, "car_spec": null, "price": 1499}}, {"model": "suve_main.productprice", "pk": 193, "fields": {"product": 23, "storage_spec": 206, "watch_spec": null, "car_spec": null, "price": 1699}}, {"model": "suve_main.productprice", "pk": 194, "fields": {"product": 23, "storage_spec": 207, "watch_spec": null, "car_spec": null, "price": 1899}}, {"model": "suve_main.productprice", "pk": 195, "fields": {"product": 23, "storage_spec": 208, "watch_spec": null, "car_spec": null, "price": 2299}}, {"model": "suve_main.productprice", "pk": 196, "fields": {"product": 23, "storage_spec": 209, "watch_spec": null, "car_spec": null, "price": 1299}}, {"model": "suve_main.productprice", "pk": 197, "fields": {"product": 23, "storage_spec": 210, "watch_spec": null, "car_spec": null, "price": 1499}}, {"model": "suve_main.productprice", "pk": 198, "fields": {"product": 23, "storage_spec": 211, "watch_spec": null, "car_spec": null, "price": 1699}}, {"model": "suve_main.productprice", "pk": 199, "fields": {"product": 23, "storage_spec": 212, "watch_spec": null, "car_spec": null, "price": 2099}}, {"model": "suve_main.productprice", "pk": 200, "fields": {"product": 23, "storage_spec": 213, "watch_spec": null, "car_spec": null, "price": 1499}}, {"model": "suve_main.productprice", "pk": 201, "fields": {"product": 23, "storage_spec": 214, "watch_spec": null, "car_spec": null, "price": 1699}}, {"model": "suve_main.productprice", "pk": 202, "fields": {"product": 23, "storage_spec": 215, "watch_spec": null, "car_spec": null, "price": 1899}}, {"model": "suve_main.productprice", "pk": 203, "fields": {"product": 23, "storage_spec": 216, "watch_spec": null, "car_spec": null, "price": 2299}}, {"model": "suve_main.productprice", "pk": 204, "fields": {"product": 23, "storage_spec": 217, "watch_spec": null, "car_spec": null, "price": 1699}}, {"model": "suve_main.productprice", "pk": 205, "fields": {"product": 23, "storage_spec": 218, "watch_spec": null, "car_spec": null, "price": 1899}}, {"model": "suve_main.productprice", "pk": 206, "fields": {"product": 23, "storage_spec": 219, "watch_spec": null, "car_spec": null, "price": 2099}}, {"model": "suve_main.productprice", "pk": 207, "fields": {"product": 23, "storage_spec": 220, "watch_spec": null, "car_spec": null, "price": 2499}}, {"model": "suve_main.productprice", "pk": 209, "fields": {"product": 47, "storage_spec": null, "watch_spec": null, "car_spec": 2, "price": 93990}}, {"model": "suve_main.productprice", "pk": 210, "fields": {"product": 47, "storage_spec": null, "watch_spec": null, "car_spec": 3, "price": 113990}}, {"model": "suve_main.productprice", "pk": 211, "fields": {"product": 48, "storage_spec": null, "watch_spec": null, "car_spec": 4, "price": 68490}}, {"model": "suve_main.productprice", "pk": 212, "fields": {"product": 48, "storage_spec": null, "watch_spec": null, "car_spec": 5, "price": 92990}}, {"model": "suve_main.productprice", "pk": 213, "fields": {"product": 48, "storage_spec": null, "watch_spec": null, "car_spec": 6, "price": 83490}}, {"model": "suve_main.productprice", "pk": 214, "fields": {"product": 48, "storage_spec": null, "watch_spec": null, "car_spec": 7, "price": 107990}}, {"model": "suve_main.productprice", "pk": 215, "fields": {"product": 49, "storage_spec": null, "watch_spec": null, "car_spec": 8, "price": 65990}}, {"model": "suve_main.productprice", "pk": 216, "fields": {"product": 49, "storage_spec": null, "watch_spec": null, "car_spec": 9, "price": 98990}}, {"model": "suve_main.productprice", "pk": 217, "fields": {"product": 49, "storage_spec": null, "watch_spec": null, "car_spec": 10, "price": 88490}}, {"model": "suve_main.productprice", "pk": 218, "fields": {"product": 49, "storage_spec": null, "watch_spec": null, "car_spec": 11, "price": 113990}}, {"model": "suve_main.productprice", "pk": 219, "fields": {"product": 50, "storage_spec": null, "watch_spec": null, "car_spec": 12, "price": 33990}}, {"model": "suve_main.productprice", "pk": 220, "fields": {"product": 50, "storage_spec": null, "watch_spec": null, "car_spec": 13, "price": 50990}}, {"model": "suve_main.productprice", "pk": 221, "fields": {"product": 50, "storage_spec": null, "watch_spec": null, "car_spec": 14, "price": 29990}}, {"model": "suve_main.productprice", "pk": 222, "fields": {"product": 50, "storage_spec": null, "watch_spec": null, "car_spec": 15, "price": 54990}}, {"model": "suve_main.productprice", "pk": 223, "fields": {"product": 50, "storage_spec": null, "watch_spec": null, "car_spec": 16, "price": 34990}}, {"model": "suve_main.productprice", "pk": 224, "fields": {"product": 50, "storage_spec": null, "watch_spec": null, "car_spec": 17, "price": 59490}}, {"model": "suve_main.productprice", "pk": 225, "fields": {"product": 50, "storage_spec": null, "watch_spec": null, "car_spec": 18, "price": 42490}}, {"model": "suve_main.productprice", "pk": 226, "fields": {"product": 50, "storage_spec": null, "watch_spec": null, "car_spec": 19, "price": 62990}}, {"model": "suve_main.productprice", "pk": 227, "fields": {"product": 51, "storage_spec": null, "watch_spec": null, "car_spec": 20, "price": 31490}}, {"model": "suve_main.productprice", "pk": 228, "fields": {"product": 51, "storage_spec": null, "watch_spec": null, "car_spec": 21, "price": 58990}}, {"model": "suve_main.productprice", "pk": 229, "fields": {"product": 51, "storage_spec": null, "watch_spec": null, "car_spec": 22, "price": 34490}}, {"model": "suve_main.productprice", "pk": 230, "fields": {"product": 51, "storage_spec": null, "watch_spec": null, "car_spec": 23, "price": 62990}}, {"model": "suve_main.productprice", "pk": 231, "fields": {"product": 51, "storage_spec": null, "watch_spec": null, "car_spec": 24, "price": 37990}}, {"model": "suve_main.productprice", "pk": 232, "fields": {"product": 51, "storage_spec": null, "watch_spec": null, "car_spec": 25, "price": 63490}}, {"model": "suve_main.productprice", "pk": 257, "fields": {"product": 24, "storage_spec": 245, "watch_spec": null, "car_spec": null, "price": 1350}}, {"model": "suve_main.productprice", "pk": 258, "fields": {"product": 24, "storage_spec": 246, "watch_spec": null, "car_spec": null, "price": 1450}}, {"model": "suve_main.productprice", "pk": 259, "fields": {"product": 24, "storage_spec": 247, "watch_spec": null, "car_spec": null, "price": 1750}}, {"model": "suve_main.productprice", "pk": 260, "fields": {"product": 25, "storage_spec": 248, "watch_spec": null, "car_spec": null, "price": 2400}}, {"model": "suve_main.productprice", "pk": 261, "fields": {"product": 25, "storage_spec": 249, "watch_spec": null, "car_spec": null, "price": 3000}}, {"model": "suve_main.productprice", "pk": 262, "fields": {"product": 26, "storage_spec": 250, "watch_spec": null, "car_spec": null, "price": 1900}}, {"model": "suve_main.productprice", "pk": 263, "fields": {"product": 27, "storage_spec": 251, "watch_spec": null, "car_spec": null, "price": 1450}}, {"model": "suve_main.productprice", "pk": 264, "fields": {"product": 27, "storage_spec": 252, "watch_spec": null, "car_spec": null, "price": 1750}}, {"model": "suve_main.productprice", "pk": 265, "fields": {"product": 28, "storage_spec": 253, "watch_spec": null, "car_spec": null, "price": 1350}}, {"model": "suve_main.productprice", "pk": 266, "fields": {"product": 28, "storage_spec": 254, "watch_spec": null, "car_spec": null, "price": 1550}}, {"model": "suve_main.productprice", "pk": 267, "fields": {"product": 29, "storage_spec": 255, "watch_spec": null, "car_spec": null, "price": 900}}, {"model": "suve_main.productprice", "pk": 268, "fields": {"product": 30, "storage_spec": 256, "watch_spec": null, "car_spec": null, "price": 1299}}, {"model": "suve_main.productprice", "pk": 269, "fields": {"product": 30, "storage_spec": 257, "watch_spec": null, "car_spec": null, "price": 1499}}, {"model": "suve_main.productprice", "pk": 270, "fields": {"product": 30, "storage_spec": 258, "watch_spec": null, "car_spec": null, "price": 1699}}, {"model": "suve_main.productprice", "pk": 271, "fields": {"product": 30, "storage_spec": 259, "watch_spec": null, "car_spec": null, "price": 1499}}, {"model": "suve_main.productprice", "pk": 272, "fields": {"product": 30, "storage_spec": 260, "watch_spec": null, "car_spec": null, "price": 1699}}, {"model": "suve_main.productprice", "pk": 273, "fields": {"product": 30, "storage_spec": 261, "watch_spec": null, "car_spec": null, "price": 1899}}, {"model": "suve_main.productprice", "pk": 274, "fields": {"product": 30, "storage_spec": 262, "watch_spec": null, "car_spec": null, "price": 1699}}, {"model": "suve_main.productprice", "pk": 275, "fields": {"product": 30, "storage_spec": 263, "watch_spec": null, "car_spec": null, "price": 1899}}, {"model": "suve_main.productprice", "pk": 276, "fields": {"product": 30, "storage_spec": 264, "watch_spec": null, "car_spec": null, "price": 2099}}, {"model": "suve_main.productprice", "pk": 277, "fields": {"product": 31, "storage_spec": 265, "watch_spec": null, "car_spec": null, "price": 6999}}, {"model": "suve_main.productprice", "pk": 278, "fields": {"product": 31, "storage_spec": 266, "watch_spec": null, "car_spec": null, "price": 7399}}, {"model": "suve_main.productprice", "pk": 279, "fields": {"product": 31, "storage_spec": 267, "watch_spec": null, "car_spec": null, "price": 7999}}, {"model": "suve_main.productprice", "pk": 280, "fields": {"product": 31, "storage_spec": 268, "watch_spec": null, "car_spec": null, "price": 9199}}, {"model": "suve_main.productprice", "pk": 281, "fields": {"product": 31, "storage_spec": 269, "watch_spec": null, "car_spec": null, "price": 7799}}, {"model": "suve_main.productprice", "pk": 282, "fields": {"product": 31, "storage_spec": 270, "watch_spec": null, "car_spec": null, "price": 8199}}, {"model": "suve_main.productprice", "pk": 283, "fields": {"product": 31, "storage_spec": 271, "watch_spec": null, "car_spec": null, "price": 8799}}, {"model": "suve_main.productprice", "pk": 284, "fields": {"product": 31, "storage_spec": 272, "watch_spec": null, "car_spec": null, "price": 9999}}, {"model": "suve_main.productprice", "pk": 285, "fields": {"product": 31, "storage_spec": 273, "watch_spec": null, "car_spec": null, "price": 8599}}, {"model": "suve_main.productprice", "pk": 286, "fields": {"product": 31, "storage_spec": 274, "watch_spec": null, "car_spec": null, "price": 8999}}, {"model": "suve_main.productprice", "pk": 287, "fields": {"product": 31, "storage_spec": 275, "watch_spec": null, "car_spec": null, "price": 9599}}, {"model": "suve_main.productprice", "pk": 288, "fields": {"product": 31, "storage_spec": 276, "watch_spec": null, "car_spec": null, "price": 10799}}, {"model": "suve_main.productprice", "pk": 289, "fields": {"product": 31, "storage_spec": 277, "watch_spec": null, "car_spec": null, "price": 7999}}, {"model": "suve_main.productprice", "pk": 290, "fields": {"product": 31, "storage_spec": 278, "watch_spec": null, "car_spec": null, "price": 8399}}, {"model": "suve_main.productprice", "pk": 291, "fields": {"product": 31, "storage_spec": 279, "watch_spec": null, "car_spec": null, "price": 8999}}, {"model": "suve_main.productprice", "pk": 292, "fields": {"product": 31, "storage_spec": 280, "watch_spec": null, "car_spec": null, "price": 10199}}, {"model": "suve_main.productprice", "pk": 293, "fields": {"product": 31, "storage_spec": 281, "watch_spec": null, "car_spec": null, "price": 8799}}, {"model": "suve_main.productprice", "pk": 294, "fields": {"product": 31, "storage_spec": 282, "watch_spec": null, "car_spec": null, "price": 9199}}, {"model": "suve_main.productprice", "pk": 295, "fields": {"product": 31, "storage_spec": 283, "watch_spec": null, "car_spec": null, "price": 9799}}, {"model": "suve_main.productprice", "pk": 296, "fields": {"product": 31, "storage_spec": 284, "watch_spec": null, "car_spec": null, "price": 10999}}, {"model": "suve_main.productprice", "pk": 297, "fields": {"product": 31, "storage_spec": 285, "watch_spec": null, "car_spec": null, "price": 9599}}, {"model": "suve_main.productprice", "pk": 298, "fields": {"product": 31, "storage_spec": 286, "watch_spec": null, "car_spec": null, "price": 9999}}, {"model": "suve_main.productprice", "pk": 299, "fields": {"product": 31, "storage_spec": 287, "watch_spec": null, "car_spec": null, "price": 10599}}, {"model": "suve_main.productprice", "pk": 300, "fields": {"product": 31, "storage_spec": 288, "watch_spec": null, "car_spec": null, "price": 11799}}, {"model": "suve_main.productprice", "pk": 301, "fields": {"product": 32, "storage_spec": 289, "watch_spec": null, "car_spec": null, "price": 1999}}, {"model": "suve_main.productprice", "pk": 302, "fields": {"product": 32, "storage_spec": 290, "watch_spec": null, "car_spec": null, "price": 2199}}, {"model": "suve_main.productprice", "pk": 303, "fields": {"product": 32, "storage_spec": 291, "watch_spec": null, "car_spec": null, "price": 2599}}, {"model": "suve_main.productprice", "pk": 304, "fields": {"product": 32, "storage_spec": 292, "watch_spec": null, "car_spec": null, "price": 3199}}, {"model": "suve_main.productprice", "pk": 305, "fields": {"product": 32, "storage_spec": 293, "watch_spec": null, "car_spec": null, "price": 4399}}, {"model": "suve_main.productprice", "pk": 306, "fields": {"product": 32, "storage_spec": 294, "watch_spec": null, "car_spec": null, "price": 2399}}, {"model": "suve_main.productprice", "pk": 307, "fields": {"product": 32, "storage_spec": 295, "watch_spec": null, "car_spec": null, "price": 2599}}, {"model": "suve_main.productprice", "pk": 308, "fields": {"product": 32, "storage_spec": 296, "watch_spec": null, "car_spec": null, "price": 2999}}, {"model": "suve_main.productprice", "pk": 309, "fields": {"product": 32, "storage_spec": 297, "watch_spec": null, "car_spec": null, "price": 3599}}, {"model": "suve_main.productprice", "pk": 310, "fields": {"product": 32, "storage_spec": 298, "watch_spec": null, "car_spec": null, "price": 4799}}, {"model": "suve_main.productprice", "pk": 311, "fields": {"product": 32, "storage_spec": 299, "watch_spec": null, "car_spec": null, "price": 2199}}, {"model": "suve_main.productprice", "pk": 312, "fields": {"product": 32, "storage_spec": 300, "watch_spec": null, "car_spec": null, "price": 2399}}, {"model": "suve_main.productprice", "pk": 313, "fields": {"product": 32, "storage_spec": 301, "watch_spec": null, "car_spec": null, "price": 2799}}, {"model": "suve_main.productprice", "pk": 314, "fields": {"product": 32, "storage_spec": 302, "watch_spec": null, "car_spec": null, "price": 3399}}, {"model": "suve_main.productprice", "pk": 315, "fields": {"product": 32, "storage_spec": 303, "watch_spec": null, "car_spec": null, "price": 4599}}, {"model": "suve_main.productprice", "pk": 316, "fields": {"product": 32, "storage_spec": 304, "watch_spec": null, "car_spec": null, "price": 2599}}, {"model": "suve_main.productprice", "pk": 317, "fields": {"product": 32, "storage_spec": 305, "watch_spec": null, "car_spec": null, "price": 2799}}, {"model": "suve_main.productprice", "pk": 318, "fields": {"product": 32, "storage_spec": 306, "watch_spec": null, "car_spec": null, "price": 3199}}, {"model": "suve_main.productprice", "pk": 319, "fields": {"product": 32, "storage_spec": 307, "watch_spec": null, "car_spec": null, "price": 3799}}, {"model": "suve_main.productprice", "pk": 320, "fields": {"product": 32, "storage_spec": 308, "watch_spec": null, "car_spec": null, "price": 4999}}, {"model": "suve_main.productprice", "pk": 321, "fields": {"product": 32, "storage_spec": 309, "watch_spec": null, "car_spec": null, "price": 2999}}, {"model": "suve_main.productprice", "pk": 322, "fields": {"product": 32, "storage_spec": 310, "watch_spec": null, "car_spec": null, "price": 3199}}, {"model": "suve_main.productprice", "pk": 323, "fields": {"product": 32, "storage_spec": 311, "watch_spec": null, "car_spec": null, "price": 3599}}, {"model": "suve_main.productprice", "pk": 324, "fields": {"product": 32, "storage_spec": 312, "watch_spec": null, "car_spec": null, "price": 4199}}, {"model": "suve_main.productprice", "pk": 325, "fields": {"product": 32, "storage_spec": 313, "watch_spec": null, "car_spec": null, "price": 5399}}, {"model": "suve_main.productprice", "pk": 326, "fields": {"product": 32, "storage_spec": 314, "watch_spec": null, "car_spec": null, "price": 3999}}, {"model": "suve_main.productprice", "pk": 327, "fields": {"product": 32, "storage_spec": 315, "watch_spec": null, "car_spec": null, "price": 4399}}, {"model": "suve_main.productprice", "pk": 328, "fields": {"product": 32, "storage_spec": 316, "watch_spec": null, "car_spec": null, "price": 4999}}, {"model": "suve_main.productprice", "pk": 329, "fields": {"product": 32, "storage_spec": 317, "watch_spec": null, "car_spec": null, "price": 6199}}, {"model": "suve_main.productprice", "pk": 330, "fields": {"product": 32, "storage_spec": 318, "watch_spec": null, "car_spec": null, "price": 4799}}, {"model": "suve_main.productprice", "pk": 331, "fields": {"product": 32, "storage_spec": 319, "watch_spec": null, "car_spec": null, "price": 5199}}, {"model": "suve_main.productprice", "pk": 332, "fields": {"product": 32, "storage_spec": 320, "watch_spec": null, "car_spec": null, "price": 5799}}, {"model": "suve_main.productprice", "pk": 333, "fields": {"product": 32, "storage_spec": 321, "watch_spec": null, "car_spec": null, "price": 6999}}, {"model": "suve_main.productprice", "pk": 334, "fields": {"product": 32, "storage_spec": 322, "watch_spec": null, "car_spec": null, "price": 5599}}, {"model": "suve_main.productprice", "pk": 335, "fields": {"product": 32, "storage_spec": 323, "watch_spec": null, "car_spec": null, "price": 5999}}, {"model": "suve_main.productprice", "pk": 336, "fields": {"product": 32, "storage_spec": 324, "watch_spec": null, "car_spec": null, "price": 6599}}, {"model": "suve_main.productprice", "pk": 337, "fields": {"product": 32, "storage_spec": 325, "watch_spec": null, "car_spec": null, "price": 7799}}, {"model": "suve_main.productprice", "pk": 338, "fields": {"product": 32, "storage_spec": 326, "watch_spec": null, "car_spec": null, "price": 4999}}, {"model": "suve_main.productprice", "pk": 339, "fields": {"product": 32, "storage_spec": 327, "watch_spec": null, "car_spec": null, "price": 5399}}, {"model": "suve_main.productprice", "pk": 340, "fields": {"product": 32, "storage_spec": 328, "watch_spec": null, "car_spec": null, "price": 5999}}, {"model": "suve_main.productprice", "pk": 341, "fields": {"product": 32, "storage_spec": 329, "watch_spec": null, "car_spec": null, "price": 7199}}, {"model": "suve_main.productprice", "pk": 342, "fields": {"product": 32, "storage_spec": 330, "watch_spec": null, "car_spec": null, "price": 5799}}, {"model": "suve_main.productprice", "pk": 343, "fields": {"product": 32, "storage_spec": 331, "watch_spec": null, "car_spec": null, "price": 6199}}, {"model": "suve_main.productprice", "pk": 344, "fields": {"product": 32, "storage_spec": 332, "watch_spec": null, "car_spec": null, "price": 6799}}, {"model": "suve_main.productprice", "pk": 345, "fields": {"product": 32, "storage_spec": 333, "watch_spec": null, "car_spec": null, "price": 7999}}, {"model": "suve_main.productprice", "pk": 346, "fields": {"product": 32, "storage_spec": 334, "watch_spec": null, "car_spec": null, "price": 6599}}, {"model": "suve_main.productprice", "pk": 347, "fields": {"product": 32, "storage_spec": 335, "watch_spec": null, "car_spec": null, "price": 6999}}, {"model": "suve_main.productprice", "pk": 348, "fields": {"product": 32, "storage_spec": 336, "watch_spec": null, "car_spec": null, "price": 7599}}, {"model": "suve_main.productprice", "pk": 349, "fields": {"product": 32, "storage_spec": 337, "watch_spec": null, "car_spec": null, "price": 8799}}, {"model": "suve_main.productprice", "pk": 350, "fields": {"product": 33, "storage_spec": 338, "watch_spec": null, "car_spec": null, "price": 599}}, {"model": "suve_main.productprice", "pk": 351, "fields": {"product": 33, "storage_spec": 339, "watch_spec": null, "car_spec": null, "price": 799}}, {"model": "suve_main.productprice", "pk": 352, "fields": {"product": 33, "storage_spec": 340, "watch_spec": null, "car_spec": null, "price": 999}}, {"model": "suve_main.productprice", "pk": 353, "fields": {"product": 33, "storage_spec": 341, "watch_spec": null, "car_spec": null, "price": 1399}}, {"model": "suve_main.productprice", "pk": 354, "fields": {"product": 33, "storage_spec": 342, "watch_spec": null, "car_spec": null, "price": 799}}, {"model": "suve_main.productprice", "pk": 355, "fields": {"product": 33, "storage_spec": 343, "watch_spec": null, "car_spec": null, "price": 999}}, {"model": "suve_main.productprice", "pk": 356, "fields": {"product": 33, "storage_spec": 344, "watch_spec": null, "car_spec": null, "price": 1199}}, {"model": "suve_main.productprice", "pk": 357, "fields": {"product": 33, "storage_spec": 345, "watch_spec": null, "car_spec": null, "price": 1599}}, {"model": "suve_main.productprice", "pk": 358, "fields": {"product": 33, "storage_spec": 346, "watch_spec": null, "car_spec": null, "price": 999}}, {"model": "suve_main.productprice", "pk": 359, "fields": {"product": 33, "storage_spec": 347, "watch_spec": null, "car_spec": null, "price": 1199}}, {"model": "suve_main.productprice", "pk": 360, "fields": {"product": 33, "storage_spec": 348, "watch_spec": null, "car_spec": null, "price": 1399}}, {"model": "suve_main.productprice", "pk": 361, "fields": {"product": 33, "storage_spec": 349, "watch_spec": null, "car_spec": null, "price": 1799}}, {"model": "suve_main.productprice", "pk": 362, "fields": {"product": 34, "storage_spec": 350, "watch_spec": null, "car_spec": null, "price": 3499}}, {"model": "suve_main.productprice", "pk": 363, "fields": {"product": 34, "storage_spec": 351, "watch_spec": null, "car_spec": null, "price": 3699}}, {"model": "suve_main.productprice", "pk": 364, "fields": {"product": 34, "storage_spec": 352, "watch_spec": null, "car_spec": null, "price": 3899}}, {"model": "suve_main.productprice", "pk": 365, "fields": {"product": 35, "storage_spec": null, "watch_spec": 1, "car_spec": null, "price": 799}}, {"model": "suve_main.productprice", "pk": 366, "fields": {"product": 36, "storage_spec": null, "watch_spec": 2, "car_spec": null, "price": 399}}, {"model": "suve_main.productprice", "pk": 367, "fields": {"product": 36, "storage_spec": null, "watch_spec": 3, "car_spec": null, "price": 499}}, {"model": "suve_main.productprice", "pk": 368, "fields": {"product": 36, "storage_spec": null, "watch_spec": 4, "car_spec": null, "price": 429}}, {"model": "suve_main.productprice", "pk": 369, "fields": {"product": 36, "storage_spec": null, "watch_spec": 5, "car_spec": null, "price": 529}}, {"model": "suve_main.productprice", "pk": 370, "fields": {"product": 36, "storage_spec": null, "watch_spec": 6, "car_spec": null, "price": 699}}, {"model": "suve_main.productprice", "pk": 371, "fields": {"product": 36, "storage_spec": null, "watch_spec": 7, "car_spec": null, "price": 749}}, {"model": "suve_main.productprice", "pk": 372, "fields": {"product": 37, "storage_spec": null, "watch_spec": 8, "car_spec": null, "price": 249}}, {"model": "suve_main.productprice", "pk": 373, "fields": {"product": 37, "storage_spec": null, "watch_spec": 9, "car_spec": null, "price": 299}}, {"model": "suve_main.productprice", "pk": 374, "fields": {"product": 37, "storage_spec": null, "watch_spec": 10, "car_spec": null, "price": 279}}, {"model": "suve_main.productprice", "pk": 375, "fields": {"product": 37, "storage_spec": null, "watch_spec": 11, "car_spec": null, "price": 329}}, {"model": "suve_main.productprice", "pk": 376, "fields": {"product": 38, "storage_spec": null, "watch_spec": 12, "car_spec": null, "price": 650}}, {"model": "suve_main.productprice", "pk": 377, "fields": {"product": 39, "storage_spec": null, "watch_spec": 13, "car_spec": null, "price": 300}}, {"model": "suve_main.productprice", "pk": 378, "fields": {"product": 39, "storage_spec": null, "watch_spec": 14, "car_spec": null, "price": 350}}, {"model": "suve_main.productprice", "pk": 379, "fields": {"product": 39, "storage_spec": null, "watch_spec": 15, "car_spec": null, "price": 330}}, {"model": "suve_main.productprice", "pk": 380, "fields": {"product": 39, "storage_spec": null, "watch_spec": 16, "car_spec": null, "price": 380}}, {"model": "suve_main.productprice", "pk": 381, "fields": {"product": 40, "storage_spec": null, "watch_spec": 17, "car_spec": null, "price": 200}}, {"model": "suve_main.productprice", "pk": 382, "fields": {"product": 41, "storage_spec": null, "watch_spec": null, "car_spec": null, "price": 249}}, {"model": "suve_main.productprice", "pk": 383, "fields": {"product": 42, "storage_spec": null, "watch_spec": null, "car_spec": null, "price": 169}}, {"model": "suve_main.productprice", "pk": 384, "fields": {"product": 43, "storage_spec": null, "watch_spec": null, "car_spec": null, "price": 549}}, {"model": "suve_main.productprice", "pk": 385, "fields": {"product": 44, "storage_spec": null, "watch_spec": null, "car_spec": null, "price": 250}}, {"model": "suve_main.productprice", "pk": 386, "fields": {"product": 45, "storage_spec": null, "watch_spec": null, "car_spec": null, "price": 180}}, {"model": "suve_main.productprice", "pk": 387, "fields": {"product": 46, "storage_spec": null, "watch_spec": null, "car_spec": null, "price": 100}}]